"round","col","row","i","name","score","uid"
1,4,4,12,"Mike",500,6001
2,6,3,57,"Mike",2000,6001
2,1,5,45,"Harvey",1500,6001
1,5,3,4,"Dennis",500,6002
2,3,2,52,"Steve",2000,6002
2,2,4,40,"Steve",-2000,6002
1,5,3,8,"Tommy",1400,6003
2,2,2,34,"Ian",3000,6003
2,1,4,44,"Ian",-4000,6003
1,2,4,14,"Andy",-600,6004
2,2,4,39,"Michelle",2000,6004
2,5,5,59,"Andy",2000,6004
1,1,3,5,"Mirza",1000,6005
2,1,3,33,"Mirza",-2000,6005
2,5,3,51,"David",2400,6005
1,1,5,5,"Richard",-800,6006
2,3,4,55,"Kathrine",-3000,6006
2,4,4,44,"Richard",2000,6006
1,2,3,1,"David",1000,6007
2,5,4,54,"Catherine",3000,6007
2,3,5,43,"Tracey",-2000,6007
1,1,3,10,"John",500,6008
2,5,3,51,"Stuart",2500,6008
2,4,5,40,"Elizabeth",-1200,6008
1,4,5,30,"Catherine",4200,6009
2,2,3,46,"Jason",-1000,6009
2,3,4,36,"Jason",-2000,6009
1,1,4,28,"John",-1000,6010
2,6,2,50,"John",1600,6010
1,2,5,12,"Tony",300,6011
2,2,3,35,"Bob",-500,6011
2,6,4,54,"Bob",-500,6011
1,6,5,13,"Dennis",2300,6012
2,1,4,26,"Harriet",500,6012
2,5,5,33,"Kathryn",1000,6012
1,3,5,19,"Diana",-600,6013
2,5,2,37,"Nick",-4000,6013
2,1,3,53,"Nick",-3000,6013
1,5,3,15,"Diana",1200,6014
2,4,4,39,"Diana",4200,6014
2,6,4,52,"Diana",7000,6014
1,4,2,14,"Diana",500,6015
2,3,3,56,"Diana",-6000,6015
2,1,4,32,"Diana",1500,6015
1,4,4,19,"Sharon",100,6016
2,4,2,47,"Sharon",-1100,6016
2,6,4,40,"Tom",800,6016
1,5,2,24,"Sara",-5400,6017
2,1,2,34,"Deirdre",-2000,6017
2,3,5,57,"Sara",-2800,6017
1,3,4,5,"Mike",500,6018
2,1,3,34,"Mike",1500,6018
2,4,4,47,"Mike",-200,6018
1,2,4,10,"Ali",-3200,6019
2,1,2,45,"Ali",-1800,6019
2,4,3,40,"Jessica",1800,6019
1,1,3,11,"Tom",500,6020
2,4,2,28,"Linda",1400,6020
1,4,5,29,"Bob",-300,6021
2,6,3,42,"Bob",1000,6021
2,4,4,35,"Lorne",1000,6021
1,5,4,10,"Bill",-700,6022
2,3,3,45,"Meg",-600,6022
2,5,3,54,"Meg",800,6022
1,2,4,20,"Ali",-2000,6023
2,3,3,56,"Lindsay",3000,6023
2,6,4,43,"Ali",2000,6023
1,6,3,24,"Ali",3000,6024
2,5,3,48,"Ali",2800,6024
2,3,4,49,"Ali",500,6024
1,3,5,15,"Ali",-1000,6025
2,6,3,44,"Jordan",3800,6025
2,3,5,41,"Ali",-600,6025
1,5,3,20,"Steve",-1000,6026
2,6,4,36,"Steve",900,6026
2,2,5,54,"Stephen",-4800,6026
1,5,4,4,"Jordan",1000,6027
2,2,1,30,"Kelly",2000,6027
2,4,3,38,"Jordan",-2000,6027
1,6,4,23,"Linda",500,6028
2,4,2,51,"Linda",-4300,6028
2,2,3,35,"Neil",1000,6028
1,3,5,24,"Jeff",2000,6029
2,1,5,33,"Andrew",2400,6029
2,4,5,60,"Andrew",6999,6029
1,2,3,25,"Pierre",-400,6030
2,3,4,36,"Pierre",1400,6030
2,1,5,40,"Neil",1200,6030
1,3,5,5,"Matt",1000,6031
2,3,4,59,"Matt",-1000,6031
2,4,4,44,"Lane",1500,6031
1,5,5,20,"Eitan",500,6032
2,3,5,59,"Frank",2000,6032
2,5,5,49,"Frank",-2000,6032
1,2,5,26,"Scott",-2000,6033
2,2,4,31,"Amy",2200,6033
2,3,4,37,"Scott",1000,6033
1,3,4,24,"Scott",1000,6034
2,6,4,54,"Scott",3000,6034
2,3,5,50,"Kat",3000,6034
1,5,5,25,"Nick",-1000,6035
2,6,4,51,"Scott",3000,6035
2,2,5,35,"Scott",3000,6035
1,4,3,17,"Suzanne",1000,6036
2,4,4,54,"Scott",5000,6036
2,5,5,49,"Suzanne",3000,6036
1,5,4,11,"Dave",-2600,6037
2,5,3,56,"Jim",3000,6037
2,2,4,34,"Suzanne",1000,6037
1,3,5,16,"Scott",500,6038
2,3,3,48,"Ramona",3000,6038
2,4,5,51,"Scott",-1000,6038
1,4,4,16,"Kate",1000,6039
2,1,3,45,"Suzanne",3000,6039
2,3,5,54,"Liz",-2000,6039
1,5,5,15,"Suzanne",-1000,6040
2,6,4,56,"Suzanne",-1000,6040
2,5,5,54,"Suzanne",-2000,6040
1,3,3,28,"Lauren",1000,6041
2,3,2,38,"Lauren",2000,6041
2,1,3,34,"Beth",2000,6041
1,3,3,13,"Mark",1000,6042
2,1,4,32,"Mark",2000,6042
2,6,4,57,"Mark",-500,6042
1,5,5,26,"Bill",300,6043
2,1,4,33,"Bill",1200,6043
2,4,4,55,"Robin",-1300,6043
1,1,3,18,"Lauren",800,6044
2,1,3,43,"Lauren",1200,6044
2,2,5,40,"Lauren",-2000,6044
1,3,2,15,"David",600,6045
2,3,3,50,"Lisa",-1000,6045
2,1,4,39,"David",1000,6045
1,6,5,14,"Becky",1000,6046
2,3,2,38,"Doug",2000,6046
2,1,5,35,"Becky",2000,6046
1,2,3,13,"Danny",500,6047
2,4,4,54,"Eric",1000,6047
2,6,4,58,"Eric",-1000,6047
1,6,5,10,"Gary",1200,6048
2,1,4,40,"Bill",-1000,6048
2,4,4,30,"Philis",-200,6048
1,5,5,21,"Wes",2000,6049
2,1,2,49,"Stel",3000,6049
2,5,4,59,"Wes",2000,6049
1,6,5,30,"Richard",2800,6050
1,4,3,17,"Randy",3300,6051
2,3,3,36,"Randy",2400,6051
2,5,4,45,"Maureen",1700,6051
1,2,4,9,"Michelle",-200,6052
2,2,5,33,"Johanna",3800,6052
2,4,5,55,"Johanna",4000,6052
1,3,3,12,"Bryan",1000,6053
2,3,3,58,"Vincent",6800,6053
2,1,4,43,"Michelle",1200,6053
1,1,4,29,"Niraj",-3200,6055
2,3,3,52,"Rebecca",3000,6055
2,5,4,57,"Niraj",-3200,6055
1,2,3,13,"Michelle",800,6057
2,6,2,43,"Bunny",2000,6057
2,1,4,34,"Bunny",2000,6057
1,1,5,5,"Lauren",500,6058
2,5,3,36,"Erhard",1000,6058
2,6,4,57,"Chris",1500,6058
1,1,4,12,"Dean",900,6059
2,1,4,44,"Russ",1700,6059
2,6,4,49,"Russ",3500,6059
1,6,3,28,"Caitlion",-2000,6060
2,1,4,43,"Ryan",-4800,6060
2,2,4,40,"Caitlion",-2200,6060
1,3,4,19,"Justin",800,6062
2,5,2,32,"Justin",1000,6062
2,6,2,45,"Justin",1000,6062
1,1,5,15,"Ryan",-4000,6063
2,4,3,48,"Dave",3000,6063
2,1,4,39,"Ryan",2800,6063
1,2,4,3,"Neel",1000,6066
2,2,3,46,"Dave",-4000,6066
2,1,4,49,"Dave",5000,6066
1,4,5,6,"Tim",-300,6067
2,2,2,39,"Tim",2000,6067
2,1,4,44,"Mark",900,6067
1,6,5,30,"Bob",900,6068
1,3,5,23,"Dave",4000,6069
2,3,3,48,"Tara",2000,6069
2,5,3,37,"Dave",4000,6069
1,3,5,30,"Janet",1000,6070
2,4,3,48,"Bruce",2700,6070
2,3,5,42,"Todd",1200,6070
1,1,3,13,"Norman",1000,6071
2,6,2,45,"Robin",3100,6071
2,3,3,51,"Robin",2000,6071
1,3,2,11,"Mary",500,6072
2,3,4,39,"Cheryl",1000,6072
2,5,5,46,"Harry",2000,6072
1,3,3,22,"Kay",500,6073
2,3,3,31,"Roger",1000,6073
2,2,5,52,"Tom",-1000,6073
1,5,3,8,"Cliff",500,6074
2,1,4,48,"Sparky",-1000,6074
2,2,4,41,"Sparky",800,6074
1,2,2,16,"Burt",1000,6075
2,1,4,39,"Dave",-6600,6075
2,5,5,44,"Burt",-1200,6075
1,5,3,8,"Roger",-100,6076
2,2,4,48,"Ira",-1000,6076
2,6,5,44,"Roger",1000,6076
1,5,5,5,"Gary",-700,6077
2,2,4,58,"Gary",-1800,6077
2,5,5,50,"Gary",-2000,6077
1,2,4,16,"Rick",2000,6078
2,3,3,42,"Rick",3000,6078
2,1,4,55,"Burt",1000,6078
1,2,3,11,"Rick",1600,6079
2,2,3,32,"Jerry",3000,6079
2,3,5,40,"Rick",2000,6079
1,6,4,4,"Elizabeth",500,6080
2,4,3,48,"Bob",1900,6080
2,5,3,53,"Elizabeth",-3500,6080
1,2,4,10,"Jennifer",800,6081
2,1,2,33,"Phillip",800,6081
2,4,3,46,"Jennifer",2000,6081
1,3,3,8,"Steve",500,6082
2,1,4,44,"Suze",1800,6082
2,3,5,57,"Charlie",-500,6082
1,5,4,12,"Dianne",-500,6083
2,1,3,48,"Charlie",-700,6083
2,4,4,46,"Henry",1500,6083
1,3,5,24,"Dan",-1000,6084
2,3,4,40,"Robin",1000,6084
2,2,5,60,"Meg",-800,6084
1,2,2,23,"Jim",800,6086
2,3,3,41,"John",1000,6086
2,6,4,56,"Jim",-1500,6086
1,1,4,8,"John",600,6087
2,4,3,48,"Rob",-1600,6087
2,5,5,33,"Rob",1500,6087
1,2,5,24,"Bill",-800,6088
2,3,5,50,"Gaye",500,6088
2,5,5,55,"Rick",-600,6088
1,4,5,30,"Tom",400,6090
2,3,1,42,"Tom",2000,6090
2,2,4,36,"Tom",2000,6090
1,5,4,14,"Louise",1000,6091
2,1,3,45,"Louise",1000,6091
2,2,4,36,"Tom",1400,6091
1,1,5,5,"Bob",500,6092
2,1,4,28,"Theron",1100,6092
2,6,4,48,"Theron",900,6092
1,2,5,28,"Martha",1000,6093
2,4,3,36,"Richard",-1300,6093
2,2,4,59,"Mag",-3200,6093
1,1,4,29,"Penny",-1000,6094
2,5,4,54,"Diane",-2000,6094
2,2,5,46,"Penny",-2000,6094
1,2,3,19,"Neal",1000,6095
2,1,4,41,"JL",-1000,6095
2,3,4,34,"Andrea",-900,6095
1,3,4,23,"Rick",3000,6096
2,6,2,53,"Isaac",-5000,6096
2,3,3,31,"Isaac",2400,6096
1,2,5,28,"Lori",3000,6097
2,1,3,42,"Lori",3400,6097
2,3,4,57,"Rick",2000,6097
1,2,4,14,"Kyle",1800,6098
2,2,2,32,"Monica",2000,6098
2,5,5,58,"Kyle",1000,6098
1,4,3,23,"Kyle",-2000,6099
2,4,3,51,"Kyle",4000,6099
2,5,4,32,"Shawn",-1600,6099
1,1,5,10,"Judy",-300,6100
2,5,4,44,"Tom",1000,6100
1,2,4,4,"Andrew",1000,6101
2,1,2,33,"Andrew",-3000,6101
2,2,4,44,"Kyle",1000,6101
1,6,4,4,"Kyle",1200,6102
2,4,2,42,"Reese",3200,6102
2,1,3,33,"Christine",-1000,6102
1,2,4,4,"Emily",1000,6103
2,4,2,31,"Kyle",2000,6103
2,5,3,47,"Emily",-4000,6103
1,1,5,22,"Thom",1200,6104
2,2,3,60,"Thom",1500,6104
2,3,4,57,"Robert",-1500,6104
1,5,4,22,"Kyle",1000,6105
2,6,3,46,"Jordan",2000,6105
2,5,4,42,"Kyle",-3000,6105
1,3,5,14,"Kyle",2400,6106
2,5,3,47,"Kyle",-3000,6106
2,3,5,43,"Kyle",4000,6106
1,2,5,7,"Kyle",1000,6107
2,1,4,44,"Rob",3500,6107
2,2,5,36,"Rob",3000,6107
1,5,5,19,"Robert",-800,6108
2,3,4,34,"Dave",-1000,6108
2,2,5,50,"Jean",-800,6108
1,1,4,13,"Robert",400,6109
2,1,4,45,"Jon",-3500,6109
2,4,4,39,"Robert",2000,6109
1,1,4,29,"Nancy",-1200,6110
2,4,3,41,"William",4200,6110
2,6,5,54,"Nancy",2000,6110
1,1,5,25,"Vincent",-1000,6111
2,4,2,47,"Vincent",2000,6111
2,2,3,33,"Vincent",-1200,6111
1,1,5,16,"Evelyn",-1000,6112
2,1,3,33,"Jordan",2600,6112
2,6,3,38,"Jordan",3000,6112
1,1,2,19,"Katie!",-600,6113
2,1,2,42,"Katie!",4200,6113
2,3,2,47,"Michael",3000,6113
1,2,3,29,"Andrew",1800,6114
2,3,4,49,"Andrew",-2000,6114
2,5,5,59,"Evelyn",-2000,6114
2,3,3,53,"Carl",3000,6115
2,5,3,42,"Doug",2000,6115
1,6,4,4,"Cody",1000,6116
2,6,3,45,"Doug",3000,6116
2,5,4,42,"Kirsten",400,6116
1,4,3,25,"Doug",5200,6117
2,3,3,43,"Doug",2000,6117
2,5,3,57,"Maggie",-2000,6117
1,3,5,23,"Sara",2600,6118
2,5,4,51,"Sara",5000,6118
2,6,4,40,"Kian",3000,6118
1,4,5,28,"Adam",3000,6119
2,1,3,43,"Adam",100,6119
2,3,3,36,"Adam",5000,6119
1,2,5,25,"Alex",2000,6120
2,1,3,37,"Adam",4000,6120
2,4,4,44,"Alex",-2000,6120
1,3,4,9,"Alex",1000,6121
2,1,3,49,"Jen",2500,6121
2,5,5,53,"Jen",-4000,6121
1,3,5,5,"Alex",1000,6122
2,2,3,51,"Mary",-2000,6122
2,6,4,53,"Alex",1000,6122
1,4,5,15,"Patrick",-1600,6123
2,3,4,45,"Patrick",4400,6123
2,6,4,42,"Alex",1500,6123
1,1,5,24,"Ryan",-2500,6124
2,2,3,56,"Ryan",-2000,6124
2,4,4,34,"Alan",3000,6124
1,5,3,20,"Alan",-2000,6125
2,2,2,42,"Sarah",2000,6125
2,4,3,48,"Alan",2000,6125
1,5,5,29,"Prairie",-6000,6126
2,3,2,57,"Alan",2000,6126
2,2,5,35,"Alan",-6000,6126
1,6,4,22,"Julie",-2000,6127
2,2,2,41,"Alan",3000,6127
2,5,5,34,"Alan",3000,6127
1,3,4,20,"Alan",2000,6128
2,2,4,46,"Alan",4000,6128
2,6,4,32,"Jessica",3000,6128
1,5,4,27,"Erik",-2000,6129
2,1,3,33,"Herschel",2000,6129
2,6,3,42,"Erik",6000,6129
1,3,2,19,"Joanna",2400,6130
2,2,4,39,"Erik",-3500,6130
2,6,4,45,"Erik",500,6130
1,1,5,15,"Traci",-3000,6131
2,3,4,50,"Traci",4000,6131
2,5,5,40,"Erik",6000,6131
1,5,5,25,"Rock",600,6132
2,5,3,55,"Hannah",1500,6132
2,1,4,32,"Rock",-400,6132
1,3,3,19,"Dhruv",1000,6133
2,1,2,43,"Hannah",1200,6133
2,6,3,39,"Hannah",-2800,6133
1,3,5,16,"Dhruv",1000,6134
2,4,4,39,"Todd",-1000,6134
2,2,5,48,"Tori",-2000,6134
1,4,4,15,"Tori",800,6135
2,3,3,38,"Soyia",2000,6135
2,2,5,56,"Tori",2000,6135
1,3,5,10,"Allen",1000,6136
2,1,4,42,"Allen",3500,6136
2,2,4,31,"Emily",2000,6136
1,5,3,23,"Emily",-1400,6137
2,3,3,37,"Emily",2000,6137
2,4,3,42,"Emily",4000,6137
1,5,3,28,"Emily",800,6138
2,1,2,45,"Emily",1000,6138
2,5,4,40,"Jeff",-4600,6138
1,6,3,22,"Jonathan",-1200,6139
2,1,4,40,"Laura",-2000,6139
2,3,4,54,"Jonathan",3000,6139
1,5,3,26,"Mary Ann",3000,6140
2,3,4,52,"Mary Ann",1000,6140
2,5,5,48,"Gerald",-7400,6140
1,4,5,27,"Mary Ann",-2000,6141
2,3,4,49,"Mary Ann",3000,6141
2,4,4,53,"Mary Ann",4000,6141
1,4,2,5,"Anish",600,6142
2,2,4,37,"Anish",-3000,6142
2,6,5,51,"Emma",2000,6142
1,1,4,2,"Caleb",1000,6143
2,3,4,42,"Rotimi",-1400,6143
2,6,4,46,"Caleb",-3000,6143
1,4,3,6,"Dan",200,6144
2,1,3,42,"Claire",2000,6144
2,2,4,38,"Dan",2000,6144
1,2,4,20,"Tim",-1800,6145
2,3,2,31,"Tim",2200,6145
2,5,5,51,"Tim",3000,6145
1,3,5,21,"Maggie",1500,6146
2,6,3,33,"Autumn",-2200,6146
2,1,4,50,"Autumn",800,6146
1,3,3,2,"Tim",1000,6147
2,3,3,50,"Claire",1000,6147
2,2,4,57,"Autumn",1600,6147
1,5,4,3,"Jack",1400,6148
2,4,3,34,"Caleb",-2000,6148
2,2,4,40,"Jack",-6000,6148
1,4,5,24,"Emma",2000,6149
2,2,2,40,"Emma",2000,6149
2,5,5,49,"Audrey",3000,6149
1,3,3,4,"Maya",600,6150
2,1,2,32,"Claire",2000,6150
2,4,3,53,"Claire",3000,6150
1,6,4,26,"Casey",-1200,6152
2,2,2,58,"Casey",-7000,6152
2,1,3,51,"Mary Ann",3000,6152
1,1,5,30,"Rachael",-800,6153
2,4,3,43,"Jim",-2000,6153
2,1,4,35,"Denise",1000,6153
2,6,3,37,"Eileen",1000,6154
2,3,5,51,"Greg",1500,6154
1,1,3,21,"Terrie",1000,6155
2,3,3,48,"Mary Ann",4000,6155
2,1,4,35,"Terrie",-2600,6155
1,4,4,29,"J",1000,6156
2,3,3,38,"J",4000,6156
2,4,3,46,"J",4000,6156
1,4,4,17,"Dylan",1000,6157
2,3,2,40,"Dylan",4400,6157
2,5,3,46,"Bridget",-3000,6157
1,4,3,13,"Dylan",3200,6158
2,1,3,33,"Carol",2000,6158
2,4,3,43,"Myra",-2200,6158
1,6,4,19,"Adriana",3000,6159
2,5,3,35,"Adriana",3000,6159
2,2,4,42,"Adriana",3000,6159
1,5,5,27,"Adriana",2500,6160
2,2,2,32,"Adriana",3500,6160
2,6,4,44,"Chris",3400,6160
1,2,2,8,"Adriana",800,6161
2,1,3,32,"Elizabeth",-3000,6161
2,6,3,53,"Elizabeth",3000,6161
1,1,5,21,"Elizabeth",4000,6162
2,3,2,35,"Elizabeth",4000,6162
2,5,3,46,"Bernadette",-2000,6162
1,5,5,4,"Dave",1000,6163
2,4,3,30,"Alexander",800,6163
2,3,4,39,"Alexander",2000,6163
1,2,2,10,"Dave",500,6164
2,2,2,31,"Dave",3200,6164
2,6,4,51,"Brian",-7000,6164
1,2,3,2,"Samir",1000,6165
2,3,3,44,"Dave",3000,6165
2,6,3,51,"Dave",2600,6165
1,2,4,7,"Nick",-200,6166
2,2,4,38,"Staci",2000,6166
2,5,5,50,"Nick",6000,6166
1,3,5,5,"Staci",-1200,6167
2,2,3,47,"Swetha",1000,6167
2,4,5,57,"Swetha",-4000,6167
1,4,4,30,"Francesco",-2400,6168
2,1,3,43,"John",-3000,6168
2,2,5,40,"John",2500,6168
1,5,4,7,"Andy",1000,6169
2,3,2,57,"Elana",7000,6169
2,2,3,35,"Andy",4600,6169
1,2,4,9,"Faris",-3200,6170
2,1,4,54,"Mary Kate",-800,6170
2,3,5,44,"Faris",2000,6170
1,4,5,3,"Faris",800,6171
2,4,3,33,"Jackie",3000,6171
2,1,4,44,"Faris",-2000,6171
1,5,2,15,"Jackie",-3000,6172
2,2,4,32,"Jackie",3800,6172
2,4,4,53,"Jackie",-2000,6172
1,5,3,2,"Anne",200,6173
2,4,3,55,"Conor",5000,6173
2,2,4,47,"Conor",-3000,6173
1,3,4,20,"Trisha",2000,6174
2,4,3,36,"Trisha",-2000,6174
2,5,3,51,"Eric",-400,6174
1,2,3,8,"Andrew",1000,6175
2,2,3,49,"Andrew",4600,6175
2,3,3,50,"Andrew",3200,6175
1,4,4,25,"Andrew",3200,6176
2,2,2,37,"Graham",2000,6176
2,1,4,53,"Andrew",-4000,6176
1,1,3,18,"Charbel",3000,6177
2,1,3,35,"Charbel",10600,6177
2,6,3,49,"Charbel",600,6177
1,4,2,25,"Richard",-2600,6178
2,4,5,42,"Lanier",-3000,6178
2,5,5,48,"Charbel",-1000,6178
1,3,5,27,"Richard",-3000,6179
2,2,3,48,"Jon",-1000,6179
2,6,4,47,"Jon",4000,6179
1,3,5,5,"Heath",1000,6180
2,5,3,36,"Jon",3800,6180
2,2,4,42,"Heath",-2000,6180
1,5,4,4,"Kathryn",1000,6181
2,1,2,46,"Kathryn",3000,6181
2,2,2,36,"Greg",2000,6181
1,5,5,5,"James",-1200,6182
2,6,4,51,"Kevin",2600,6182
2,4,5,37,"Kevin",-3000,6182
1,2,4,16,"Maggie",-1000,6183
2,4,4,37,"Jonathan",3500,6183
2,5,5,45,"Maggie",-1200,6183
1,5,5,21,"Danielle",1000,6184
2,4,3,35,"Danielle",1400,6184
2,1,4,59,"Jordan",-2000,6184
1,2,3,9,"Cade",1000,6185
2,1,3,34,"Cade",2000,6185
2,3,4,44,"Jonathan",3000,6185
1,5,4,26,"Jonathan",3000,6186
2,5,2,51,"Robert",2500,6186
2,3,5,47,"Chelsea",3000,6186
1,5,4,26,"Meredith",-2000,6187
2,5,2,51,"Zorn",3000,6187
2,3,4,44,"Jonathan",3000,6187
1,4,3,17,"Jeff",2000,6188
2,1,3,41,"Zorn",2000,6188
2,2,4,46,"Zorn",400,6188
1,3,2,17,"Siobhan",2000,6189
2,2,3,33,"Evan",1200,6189
2,1,5,57,"Siobhan",1600,6189
1,3,4,4,"Jessica",1000,6190
2,3,4,34,"Anneke",4000,6190
2,6,5,31,"Dave",-4400,6190
1,6,5,30,"Sarah",3000,6191
2,4,3,51,"Jocelyn",3000,6191
2,6,5,55,"Jocelyn",5000,6191
1,3,2,12,"Charlie",1000,6192
2,2,2,37,"Suzy",2000,6192
2,3,4,44,"Anneke",-3000,6192
1,1,3,8,"Evan",1600,6193
2,4,4,49,"Kathleen",3000,6193
2,1,5,35,"Kathleen",2500,6193
1,5,3,16,"Jill",1800,6194
2,1,3,42,"Anneke",-3000,6194
2,4,3,52,"Anneke",-1000,6194
1,5,4,20,"John",4000,6195
2,3,4,35,"John",6000,6195
2,5,5,52,"Frank",4000,6195
1,1,5,6,"John",2400,6196
2,5,3,34,"John",5000,6196
2,4,4,44,"John",5000,6196
1,4,3,4,"Humzah",1000,6197
2,1,3,37,"John",10800,6197
2,5,4,47,"John",400,6197
1,4,4,6,"Haley",-1500,6198
2,4,3,44,"Julie",2000,6198
2,3,4,33,"Haley",1500,6198
1,2,2,2,"Tim",1000,6199
2,1,4,53,"Rachel",2000,6199
2,4,5,32,"Haley",3000,6199
1,6,3,12,"Aaron",-1200,6200
2,3,2,52,"Rachel",-3600,6200
2,2,3,46,"Nancy",-2000,6200
1,6,3,10,"Aaron",1000,6201
2,5,2,46,"Aaron",5000,6201
2,2,3,40,"Steve-O",3000,6201
1,6,2,18,"Jill",-1200,6202
2,3,2,35,"Steve-O",4000,6202
2,1,4,33,"Steve-O",3000,6202
1,5,5,24,"Jill",-3000,6203
2,1,2,53,"Chris",-1000,6203
2,2,3,43,"Chris",-3000,6203
1,5,4,22,"Sean",3600,6204
2,4,3,48,"Jill",6800,6204
2,2,5,38,"Sean",3800,6204
1,1,2,18,"J.B.",1000,6205
2,3,3,44,"J.B.",2000,6205
2,6,3,60,"J.B.",5000,6205
1,2,3,28,"Will",2000,6206
2,3,3,55,"Meghan",3000,6206
2,6,3,50,"Meghan",3500,6206
1,1,5,17,"Lena",-500,6207
2,4,5,40,"Richard",2000,6207
2,5,5,59,"Richard",-1000,6207
1,4,4,5,"Mack",-500,6208
2,5,4,48,"Helen",-500,6208
2,1,5,55,"Mack",2000,6208
1,4,5,10,"Jack",-600,6209
2,3,4,45,"Rosemary",1000,6209
2,5,5,60,"Bob",-1000,6209
1,1,2,7,"Will",1200,6210
2,1,5,35,"Susan",-3000,6210
2,3,5,50,"Will",2000,6210
1,2,4,4,"John",1000,6211
2,4,2,40,"Will",1000,6211
2,1,3,49,"Will",1000,6211
1,6,5,27,"Bruce",-1000,6212
2,5,3,32,"Millicent",100,6212
2,3,5,44,"Millicent",-1000,6212
1,3,2,10,"Bif",1000,6213
2,3,2,32,"Bryan",-3000,6213
2,6,2,53,"Bryan",6000,6213
1,5,3,27,"Bif",2000,6214
2,1,3,34,"Bif",3000,6214
2,5,4,36,"Bif",3000,6214
1,4,3,13,"Josh?",-2000,6215
2,3,4,47,"Bif",1600,6215
2,2,5,35,"Josh?",1600,6215
1,2,3,13,"Eric",2000,6216
2,3,3,54,"Bif",8000,6216
2,1,4,34,"Bif",4800,6216
1,2,3,27,"Eric",3000,6217
2,1,4,38,"Eric",3300,6217
2,5,5,48,"Ellen",-3000,6217
1,2,3,15,"Eric",-2300,6218
2,2,4,57,"Seth",5000,6218
2,6,4,39,"Seth",3000,6218
1,2,4,13,"Mitch",-2200,6219
2,4,3,41,"Eric",-2800,6219
2,2,5,60,"Eric",-1700,6219
1,4,3,20,"Eric",2500,6220
2,3,4,54,"Amanda",3000,6220
2,6,4,36,"Mark",2000,6220
1,4,4,23,"Rachel",2000,6221
2,2,3,32,"Doug",1200,6221
2,5,5,54,"Doug",1600,6221
1,4,3,13,"Matt",1400,6222
2,3,2,41,"Dana",1800,6222
2,2,5,37,"Rachel",-2000,6222
1,6,3,13,"Team Buzzy",2600,6229
2,1,4,42,"Team Colby",4000,6229
2,6,4,31,"Team Colby",2600,6229
1,5,3,4,"Team Brad",1000,6231
2,5,3,32,"Team Brad",4000,6231
2,1,4,44,"Team Ken",3800,6231
1,5,4,19,"Dana",-400,6233
2,2,3,31,"Tim",2000,6233
2,4,4,51,"Eric",3000,6233
1,4,5,13,"Dana",800,6234
2,6,2,54,"Hope",2000,6234
2,4,4,33,"Dana",1800,6234
1,1,2,2,"Josh",600,6235
2,3,2,37,"Josh",1600,6235
2,4,5,46,"Dana",1800,6235
1,5,4,23,"Conor",-1200,6236
2,6,3,48,"Conor",3000,6236
2,5,4,52,"Scott",-2000,6236
1,3,3,11,"Barton",600,6237
2,2,3,44,"Evan",3000,6237
2,4,5,49,"Barton",4000,6237
1,2,4,13,"Sam",1200,6238
2,6,3,31,"Barton",2200,6238
2,2,4,39,"Barton",4000,6238
1,4,2,5,"Kevin",1000,6239
2,2,3,44,"Lindsey",5500,6239
2,4,3,34,"Barton",5000,6239
1,2,4,24,"Lindsey",1100,6240
2,1,5,55,"Lindsey",4000,6240
2,6,5,58,"Bianca",2000,6240
1,1,4,6,"Jeff",400,6241
2,6,4,50,"Tom",2500,6241
2,1,5,40,"Tom",1500,6241
1,4,4,11,"Brian",1400,6242
2,6,2,33,"Lindsey",3000,6242
2,5,3,56,"Lindsey",2000,6242
1,1,3,20,"Bren",-800,6243
2,2,3,36,"Bren",-1400,6243
2,1,4,38,"Lindsey",2000,6243
1,2,5,21,"Peter",1000,6244
2,4,3,34,"Darlynne",-800,6244
2,3,4,57,"Darlynne",-2000,6244
1,1,4,5,"Jonathan",600,6245
2,4,3,40,"Lindsey",-1400,6245
2,3,4,37,"Jonathan",2000,6245
1,3,4,15,"Jonathan",1400,6246
2,1,4,40,"Jonathan",-2000,6246
2,5,5,50,"Kate",600,6246
1,5,4,29,"Jonathan",-1000,6247
2,3,4,59,"Jeff",-3000,6247
2,5,4,50,"Jeff",-4000,6247
1,6,5,30,"Ryan",-3200,6248
2,4,2,49,"Ryan",-4400,6248
2,6,3,55,"Mara",2100,6248
1,4,4,22,"Dave",-2000,6249
2,6,2,31,"Dave",-1000,6249
2,4,3,40,"Emma",1600,6249
1,1,4,12,"Steven",2400,6250
2,2,2,49,"Steven",2600,6250
2,1,3,38,"Steven",-3000,6250
1,4,5,17,"Sarah",1000,6251
2,4,3,56,"Steven",4000,6251
2,6,4,52,"Kenji",5000,6251
1,2,4,29,"Natasha",1600,6252
2,1,5,35,"Natasha",-3000,6252
2,6,5,57,"Andrew",2500,6252
1,3,3,24,"Steven",1400,6253
2,4,3,48,"Reid",2600,6253
2,2,5,57,"Reid",-4000,6253
1,3,5,12,"Anika",1000,6254
2,4,3,49,"Steven",3000,6254
2,6,4,53,"Steven",-3600,6254
1,2,3,4,"Rose",1000,6255
2,2,3,43,"Alex",2500,6255
2,5,4,39,"Steven",-3800,6255
1,1,5,15,"James",5000,6256
2,4,3,40,"James",9812,6256
2,2,5,35,"Alex",3000,6256
1,2,5,10,"Satish",2000,6257
2,5,3,37,"Satish",4000,6257
2,1,4,44,"James",11914,6257
1,5,3,18,"Matthew",4800,6258
2,3,3,35,"James",10000,6258
2,2,5,43,"James",8615,6258
1,4,5,2,"James",1000,6259
2,4,2,57,"James",25000,6259
2,6,4,33,"James",14600,6259
1,2,5,6,"James",-3000,6260
2,3,4,33,"James",9200,6260
2,4,4,46,"Laura",-7000,6260
1,2,2,19,"Stephanie",2200,6261
2,2,2,49,"James",5000,6261
2,4,5,33,"James",9800,6261
1,5,2,20,"James",9812,6262
2,1,4,38,"James",11914,6262
2,4,5,41,"James",11022,6262
1,1,3,18,"James",-8400,6263
2,1,3,37,"James",7200,6263
2,4,4,39,"James",8615,6263
1,1,5,15,"Peter",-1300,6264
2,3,4,59,"Liz",1500,6264
2,1,5,40,"Doug",-1000,6264
1,1,4,8,"James",5800,6265
2,3,4,45,"James",11381,6265
2,5,4,52,"James",17000,6265
1,4,3,13,"Hannah",1000,6266
2,5,2,50,"James",25000,6266
2,4,4,44,"James",11914,6266
1,5,4,9,"James",3000,6267
2,5,4,35,"James",6013,6267
2,2,5,38,"James",9812,6267
1,4,4,8,"James",-1800,6268
2,2,2,55,"James",15000,6268
2,6,3,34,"James",8200,6268
1,2,5,1,"James",1000,6269
2,5,3,32,"James",9812,6269
2,2,5,42,"James",11914,6269
1,4,3,17,"James",8200,6270
2,5,3,49,"James",10016,6270
2,4,4,53,"James",20000,6270
1,3,4,18,"James",9200,6271
2,2,2,39,"James",10021,6271
2,3,3,32,"Wayne",2200,6271
1,1,3,17,"James",6600,6272
2,1,2,38,"James",11381,6272
2,2,3,54,"James",11914,6272
1,4,3,20,"Tyler",-3200,6273
2,3,2,30,"Tyler",2000,6273
2,1,3,51,"Robin",-1000,6273
1,6,5,1,"James",1000,6274
2,3,3,44,"James",10117,6274
2,2,5,50,"Adam",12000,6274
1,5,5,1,"James",1000,6275
2,2,3,35,"James",11914,6275
2,4,4,41,"James",9812,6275
1,2,5,11,"James",4600,6276
2,4,2,47,"James",11381,6276
2,2,4,36,"James",10117,6276
1,2,3,21,"James",6800,6277
2,6,4,47,"James",7000,6277
2,4,5,42,"James",9812,6277
1,3,5,1,"James",1000,6278
2,2,3,49,"Carol",2000,6278
2,6,3,42,"James",11381,6278
1,5,4,10,"Joe",1200,6279
2,3,3,38,"Joe",5200,6279
2,2,4,34,"Joe",3000,6279
1,1,5,30,"Trevor",2000,6280
2,1,4,54,"Trevor",2000,6280
2,3,4,39,"Trevor",3000,6280
1,1,3,11,"Alexandra",1000,6281
2,3,2,37,"Francois",-3000,6281
2,6,4,53,"Francois",-3000,6281
1,5,5,30,"Sara",-2000,6282
2,5,4,40,"Sara",-3000,6282
2,1,5,60,"Sara",-2000,6282
1,5,5,25,"Benjamin",1000,6283
2,1,2,37,"Benjamin",9000,6283
2,5,3,46,"Dave",-2000,6283
1,4,3,6,"Sara",1000,6284
2,3,3,57,"Joe",3400,6284
2,5,4,54,"Trevor",-2000,6284
1,1,3,28,"Benjamin",3200,6285
2,1,4,52,"Francois",2000,6285
2,4,4,41,"Francois",-3000,6285
1,5,5,15,"Dave",1000,6286
2,1,3,42,"Conor",3500,6286
2,2,4,32,"Dave",3600,6286
1,2,4,8,"Conor",-2400,6287
2,2,4,44,"Francois",2000,6287
2,4,4,34,"Conor",-2000,6287
1,2,5,4,"James",1000,6289
2,4,4,38,"James",9812,6289
2,5,4,36,"James",10617,6289
1,3,4,9,"James",4800,6290
2,1,2,46,"James",11381,6290
2,6,5,47,"James",11914,6290
1,1,5,6,"James",2000,6291
2,2,3,34,"James",11914,6291
2,6,5,31,"Liz",2000,6291
1,2,4,14,"Nate",3400,6292
2,4,4,35,"James",8200,6292
2,2,5,33,"Nate",6000,6292
1,6,2,22,"James",11600,6293
2,1,4,36,"Sam",2000,6293
2,4,5,32,"Sam",-2600,6293
1,1,3,17,"Michael",300,6294
2,4,4,37,"Amy",-800,6294
2,5,4,52,"Mitch",-900,6294
1,5,4,12,"James",8200,6295
2,1,5,44,"James",20000,6295
2,3,5,34,"James",11022,6295
1,5,4,4,"Salil",100,6296
2,2,2,34,"Salil",-200,6296
2,3,5,56,"Salil",-600,6296
1,4,4,3,"Jim-Bob",1000,6297
2,4,4,32,"Sara",3000,6297
2,3,5,37,"James",11381,6297
1,4,3,3,"Mark",500,6298
2,3,2,46,"Mike",1500,6298
2,1,5,40,"Mike",-1500,6298
1,5,4,17,"Dana",400,6299
2,5,4,38,"Lisa",-500,6299
2,4,5,49,"Dana",-400,6299
1,1,3,9,"James",2800,6300
2,1,4,32,"James",11914,6300
2,5,4,35,"Faizan",-4000,6300
1,3,3,5,"Mike",200,6301
2,5,3,33,"Mike",1100,6301
2,3,4,48,"David",600,6301
1,2,4,5,"James",4000,6302
2,2,2,48,"James",5000,6302
2,5,4,34,"James",9812,6302
1,4,3,8,"James",3800,6303
2,1,5,38,"James",10021,6303
2,4,5,43,"James",9812,6303
1,2,5,1,"James",1000,6304
2,1,2,34,"Emma",7600,6304
2,3,5,44,"Emma",3000,6304
1,3,5,26,"Brian",-600,6305
2,3,3,51,"Brian",600,6305
2,2,5,57,"Mitch",-300,6305
1,4,3,8,"Dana",-200,6306
2,1,4,37,"Salil",-300,6306
2,2,5,44,"Salil",500,6306
1,5,4,10,"Emma",4600,6307
2,5,3,45,"Matthew",6000,6307
2,4,5,47,"Matthew",-6000,6307
1,4,5,14,"Michael",-300,6308
2,2,2,42,"Michael",400,6308
2,6,3,48,"Mike",300,6308
1,4,5,25,"Erin",-2000,6309
2,3,2,52,"Emma",3000,6309
2,1,3,31,"Jonathan",2000,6309
1,6,4,29,"Mitch",500,6310
2,4,4,58,"Michael",100,6310
2,5,4,38,"Michael",300,6310
1,2,5,16,"Brendan!",2800,6311
2,4,2,38,"Emma",6000,6311
2,3,4,35,"Brendan!",5000,6311
1,4,3,14,"Brendan!",2000,6313
2,5,3,36,"Brendan!",4000,6313
2,2,4,41,"Steven",2000,6313
1,6,5,23,"Steve",1000,6314
2,2,5,34,"Steve",1700,6314
2,5,5,40,"Steve",-3500,6314
1,2,3,4,"Tim",500,6315
2,6,4,47,"Scott",4000,6315
2,5,5,60,"Tim",3000,6315
1,6,3,8,"Martin",3000,6316
2,3,2,38,"Brendan!",6000,6316
2,2,5,50,"Brendan!",-2000,6316
1,2,4,8,"Terri",-200,6318
2,2,2,60,"Dan",8000,6318
2,3,3,41,"Martin",4200,6318
1,6,5,20,"Matt",-1000,6319
2,4,4,46,"Gerry",1500,6319
2,5,5,58,"Gerry",800,6319
1,2,3,8,"E.J.",-1000,6320
2,1,2,47,"E.J.",-5000,6320
2,4,2,43,"Dan",-3000,6320
1,2,5,8,"Irene",500,6321
2,1,3,30,"Irene",600,6321
2,3,3,40,"Dorothy",1000,6321
1,6,4,24,"Joe",-1000,6322
2,3,3,42,"Madeline",750,6322
2,5,3,54,"Joe",1000,6322
1,5,2,19,"Adrienne",1500,6323
2,3,4,31,"E.J.",2000,6323
2,6,4,38,"E.J.",4000,6323
1,5,2,12,"Eric",1000,6324
2,4,3,53,"Eric",-3000,6324
2,5,3,36,"E.J.",-3000,6324
1,3,4,24,"Muffy",900,6325
2,6,3,48,"Raj",-1600,6325
2,1,4,59,"K.C.",-1200,6325
1,2,5,24,"Stephanie",-2000,6326
2,5,4,44,"Teagan",1500,6326
2,4,5,35,"Teagan",-2000,6326
1,5,3,8,"Matt",500,6327
2,6,3,53,"Matt",4500,6327
2,2,4,40,"Elena",2500,6327
1,4,3,23,"Lucas",1000,6328
2,5,4,54,"Lucas",-2000,6328
2,2,5,35,"Lucas",2000,6328
1,1,4,24,"Barbara",-500,6329
2,3,4,33,"Jim",-400,6329
2,4,4,45,"Jim",-300,6329
1,4,5,13,"Justin",3000,6330
2,4,5,35,"Justin",2500,6330
2,5,5,46,"Justin",2000,6330
1,2,2,9,"Lee",500,6331
2,5,2,52,"Lee",-500,6331
2,3,3,40,"Phil",1000,6331
1,5,4,21,"Sreekar",-2000,6332
2,3,3,47,"Jackson",2000,6332
2,2,4,37,"Sreekar",5600,6332
1,2,5,23,"Shriya",1600,6333
2,4,3,56,"Shriya",2000,6333
2,6,4,39,"Shriya",2000,6333
1,5,5,30,"Patrick",100,6334
2,1,4,43,"Patrick",1000,6334
2,3,5,39,"Andi",-1000,6334
1,6,4,4,"Lucas",1000,6335
2,3,3,58,"Justin",-6600,6335
2,4,4,39,"Lucas",-1600,6335
1,1,4,8,"Nelson",700,6336
2,2,3,33,"Phoebe",2000,6336
2,3,4,39,"Phoebe",2000,6336
1,2,5,27,"Lee",-200,6337
2,5,2,38,"Joe",-600,6337
2,2,4,58,"Ruth",-500,6337
1,3,5,5,"Shriya",1200,6338
2,5,3,53,"Ryan",2000,6338
2,2,4,49,"Shriya",-2000,6338
1,4,2,12,"Frank",-300,6340
2,3,3,34,"Irene",-1000,6340
1,2,5,29,"Sandy",-600,6341
2,3,4,35,"Steve",-2000,6341
2,1,5,43,"Michael",2000,6341
1,5,2,11,"Avi",2000,6342
2,2,4,39,"Ryan",2000,6342
2,4,5,49,"Lucas",-1400,6342
1,3,5,6,"Zeke",-1000,6343
2,5,3,53,"Phil",2800,6343
2,3,5,40,"Zeke",1000,6343
1,6,5,14,"Gordon",-100,6345
2,6,3,35,"Gordon",1000,6345
2,2,4,41,"Kevin",2000,6345
1,4,2,11,"Irene",500,6346
2,5,3,33,"Zeke",1500,6346
2,2,4,42,"Irene",-1500,6346
1,6,4,19,"Josh",2500,6347
2,2,3,47,"E.J.",-2000,6347
2,4,4,54,"Josh",3000,6347
1,3,2,2,"Monroe",500,6348
2,2,4,37,"Kristine",2000,6348
2,5,5,47,"Monroe",400,6348
1,3,4,19,"Allison",1000,6349
2,5,2,49,"Charlie",3000,6349
2,3,4,34,"Josh",-3000,6349
1,4,3,23,"Cathy",1000,6350
2,1,3,48,"Charlie",3000,6350
2,4,5,55,"Charlie",5000,6350
1,2,5,14,"Wendy",1400,6351
2,1,2,31,"Ryan",5200,6351
2,4,5,39,"Ryan",7000,6351
1,5,2,1,"Ryan",1000,6352
2,1,3,36,"Ryan",5000,6352
2,3,3,51,"Jim",-11400,6352
1,4,5,10,"Billy",-500,6353
2,2,3,51,"Nick",-1000,6353
2,5,4,56,"Billy",1000,6353
1,6,4,28,"Ryan",4600,6354
2,4,4,52,"Sarah",7200,6354
2,6,4,38,"Ryan",6000,6354
1,2,4,21,"Ann",-700,6355
2,4,4,59,"Jeff",-1500,6355
2,3,5,53,"John",-1200,6355
1,2,4,20,"Patricia",-600,6356
2,2,5,58,"Bill",-6000,6356
2,3,5,59,"Bill",600,6356
1,3,3,19,"Robert",-500,6357
2,2,5,42,"Liz",2200,6357
2,4,5,47,"Rachel",-2000,6357
1,4,5,30,"Christine",-800,6358
2,5,4,54,"Christine",900,6358
2,1,5,37,"Liz",1000,6358
1,2,3,11,"Dom",500,6359
2,2,3,47,"Walter",3000,6359
2,3,5,35,"Dom",1500,6359
1,2,5,29,"Tom",1000,6360
2,6,4,56,"Barbara",1000,6360
2,2,5,48,"Barbara",-2000,6360
1,3,5,5,"Eileen",500,6361
2,6,2,57,"Eileen",500,6361
2,5,4,45,"Bazil",-600,6361
1,4,5,19,"Ron",-700,6362
2,1,3,39,"Ron",1700,6362
2,2,4,52,"Rand",1500,6362
1,3,4,12,"Martin",800,6363
2,3,4,32,"Sarah Jane",2100,6363
2,4,4,51,"Sarah Jane",1500,6363
1,3,5,30,"Kevin",1000,6364
2,6,3,57,"Ryan",7000,6364
2,4,4,54,"Hannah",-2000,6364
1,5,5,25,"Steve",1000,6365
2,5,4,47,"Rebekah",1500,6365
2,6,4,59,"Ben",2200,6365
1,6,4,23,"Sam",5000,6366
2,1,4,38,"Sam",6000,6366
2,5,4,43,"Sam",5000,6366
1,5,3,3,"Peter",300,6367
2,1,4,34,"Linda",700,6367
2,5,4,49,"Peter",-1000,6367
1,2,5,24,"Steven",-1200,6368
2,5,3,38,"Sam",5800,6368
2,4,4,49,"Sam",6000,6368
1,3,5,5,"Sam",-1400,6369
2,1,5,35,"Sam",7400,6369
2,6,5,55,"Heather",-2000,6369
1,4,3,13,"Hans",900,6370
2,1,3,33,"Kyle",2500,6370
2,2,4,50,"Kyle",800,6370
1,2,3,22,"Sam",4400,6371
2,3,1,31,"Christina",2600,6371
2,6,4,35,"Sam",11000,6371
1,2,2,26,"Joan",900,6372
2,5,4,42,"Charmion",2500,6372
2,2,5,52,"Peggy",-1000,6372
1,3,2,29,"Richard",900,6373
2,3,3,34,"Richard",1100,6373
2,4,4,48,"Scott",-2600,6373
1,3,3,23,"Sam",6600,6374
2,3,3,28,"Peter",2000,6374
2,4,4,34,"JJ",6000,6374
1,3,5,12,"Bryan",1400,6375
2,4,4,34,"Bryan",2313,6375
2,2,5,45,"Bryan",1600,6375
1,1,5,23,"Roey",-4000,6376
2,5,4,46,"Roey",4000,6376
2,6,4,49,"Roey",4000,6376
1,3,5,28,"Anne",2000,6377
2,4,3,45,"Scott",1000,6377
2,1,5,60,"Anne",500,6377
1,6,5,24,"Nathan",-2200,6379
2,2,2,48,"Jason",2000,6379
2,1,4,31,"Jason",4000,6379
1,1,5,16,"Martin",-800,6380
2,5,5,54,"Martin",1000,6380
2,6,5,40,"Martin",1500,6380
1,6,5,15,"James",-2000,6381
2,4,3,55,"Jason",5000,6381
2,1,4,43,"James",3000,6381
1,2,4,25,"Fran",500,6382
2,4,2,58,"Bob",2000,6382
2,5,4,44,"Fran",600,6382
1,1,3,3,"Richard",500,6383
2,4,3,42,"Andrew",2000,6383
2,2,5,40,"Jamie",2200,6383
1,3,5,21,"Peggy",2000,6384
2,1,2,57,"John",4000,6384
2,5,5,35,"Jason",2000,6384
1,4,4,9,"Brent",700,6385
2,2,4,35,"Carrie",1000,6385
2,3,4,53,"Jessi",-2800,6385
1,5,2,21,"Jason",-5200,6386
2,2,4,52,"Jason",4000,6386
2,4,5,49,"Michelle",-2000,6386
1,5,5,7,"Todd",-900,6387
2,1,2,37,"Nancy",2800,6387
2,6,5,42,"Todd",-1000,6387
1,2,4,3,"Jason",1000,6388
2,2,2,47,"Jason",-4000,6388
2,1,3,44,"Eric",4000,6388
1,4,2,1,"Jason",1000,6389
2,1,4,55,"Jason",-1000,6389
2,3,4,38,"Jason",5000,6389
1,3,4,24,"Linda",500,6390
2,4,5,33,"Linda",500,6390
2,5,5,58,"Linda",1000,6390
1,2,5,15,"Ross",800,6391
2,2,4,35,"Ross",2000,6391
2,4,5,57,"Ross",-4000,6391
1,2,4,23,"Chris",-900,6392
2,3,3,43,"Dionne",-500,6392
2,4,5,40,"Chris",-1700,6392
1,5,5,27,"Jeff",1000,6393
2,5,4,51,"Jeff",2000,6393
2,2,5,46,"Jeff",1000,6393
1,5,5,30,"Marty",-500,6394
2,1,5,40,"Al",1000,6394
2,2,5,50,"Al",2000,6394
1,2,4,4,"Keena",400,6395
2,1,3,35,"Eric",1000,6395
2,5,5,59,"Dave",-4800,6395
1,3,4,11,"Charmion",300,6396
2,1,4,37,"Fran",-1500,6396
2,5,4,33,"Charmion",-2000,6396
1,5,2,22,"Peji",1200,6397
2,1,4,53,"Jamie",5000,6397
2,3,4,44,"Peji",2000,6397
1,3,5,13,"Eric",300,6398
2,4,4,41,"Eric",800,6398
2,3,5,55,"Eric",900,6398
2,1,4,43,"Louise",2000,6399
2,5,4,29,"Ross",1000,6399
1,3,2,12,"Andrew",1000,6400
2,1,4,42,"Andrew",2000,6400
2,6,5,60,"Jennifer",-2000,6400
1,3,4,7,"Peggy",400,6401
2,2,4,56,"Peggy",1000,6401
2,5,4,36,"Louise",1500,6401
1,6,4,28,"Bob",500,6403
2,3,5,40,"Barbara",3000,6403
2,5,5,60,"Bob",2000,6403
1,1,5,11,"Julia",-400,6404
2,1,5,43,"Marty",1000,6404
2,3,5,56,"Marty",-1000,6404
1,3,4,26,"Tim",-500,6405
2,6,2,34,"Tim",600,6405
2,1,3,46,"Kelly",-2100,6405
1,5,2,8,"Scott",700,6406
2,1,4,47,"Katie",2000,6406
2,6,5,39,"Scott",1500,6406
1,2,4,16,"Will",600,6407
2,3,5,49,"Will",1100,6407
2,4,5,50,"Will",-1200,6407
1,2,3,18,"Ed",600,6409
2,5,3,53,"Peggy",-300,6409
1,4,5,9,"Jason",-2700,6410
2,3,3,43,"Jason",2500,6410
2,2,4,35,"Jason",4000,6410
1,5,5,3,"Jason",1000,6411
2,5,4,32,"Jason",5000,6411
2,6,5,40,"Jason",2500,6411
1,4,3,10,"Jason",5400,6412
2,6,3,48,"Jason",6000,6412
2,4,4,42,"Jason",-3000,6412
1,6,4,18,"Jason",6000,6413
2,1,5,32,"Jeff",4600,6413
2,4,5,43,"Jason",4000,6413
1,2,5,3,"Jason",1800,6414
2,3,4,38,"Jason",6000,6414
2,1,5,46,"Jason",8000,6414
1,3,5,26,"Ken",350,6415
2,1,2,45,"Phyllis",400,6415
2,5,4,52,"Michael",1000,6415
1,4,4,6,"Jason",2600,6416
2,1,4,35,"Jason",7000,6416
2,2,4,40,"Jason",3000,6416
1,1,5,4,"Jason",1000,6417
2,5,3,40,"Colin",6000,6417
2,4,5,34,"Colin",2500,6417
1,2,5,8,"Jason",-600,6418
2,3,3,36,"Jason",7600,6418
2,2,5,45,"Jason",3000,6418
1,3,2,21,"Nilla",600,6419
2,3,4,36,"Adam",-4133,6419
2,5,4,44,"Adam",-5000,6419
1,3,3,11,"Jason",3000,6420
2,6,3,53,"Jason",5,6420
2,1,5,33,"Jason",-4000,6420
1,6,4,28,"Andrea",-100,6421
2,1,2,32,"Andrea",400,6421
2,6,4,53,"Phil",1000,6421
1,6,5,18,"Jason",2800,6422
2,3,4,32,"Jason",5000,6422
1,3,4,15,"Jason",3000,6423
2,5,4,37,"Jason",3000,6423
2,1,5,33,"Jason",-4000,6423
1,6,2,25,"Ted",3000,6424
2,6,4,48,"Jason",4000,6424
2,3,5,41,"Jason",5000,6424
1,3,4,9,"Gabe",1600,6425
2,4,3,38,"Christine",-2000,6425
2,6,4,43,"Gabe",4000,6425
1,2,2,15,"Gabe",200,6426
2,6,3,42,"Laurel",3000,6426
2,4,5,47,"Gabe",6400,6426
1,4,3,4,"Phil",300,6427
2,1,2,49,"Donald",1000,6427
2,5,4,34,"Donald",1000,6427
1,4,3,8,"Pam",600,6428
2,2,3,43,"Pam",800,6428
2,4,4,30,"Warren",600,6428
1,4,4,6,"Jennifer",1600,6429
2,4,3,49,"Jason",5000,6429
2,3,5,55,"Laurel",4000,6429
1,2,4,11,"Molly",-100,6430
2,2,2,32,"Molly",1000,6430
2,4,4,46,"Dave",1000,6430
1,3,5,11,"Kevin",2800,6431
2,3,4,44,"Kevin",3000,6431
2,4,4,49,"Kevin",1000,6431
1,2,4,15,"Bill",2400,6432
2,4,3,35,"Kevin",4000,6432
2,5,3,31,"Julie",1800,6432
1,4,2,6,"Kate",600,6433
2,1,2,36,"Raghuvansh",-2000,6433
2,5,5,40,"Kevin",-4400,6433
1,2,3,8,"Kara",1000,6434
2,5,4,52,"Kara",-5000,6434
2,3,5,37,"Kevin",-6000,6434
1,3,3,7,"Marvin",100,6435
2,2,3,30,"Greg",-1000,6435
2,6,4,35,"Marvin",1000,6435
1,5,4,12,"Marvin",700,6436
2,6,3,53,"Paul",-400,6436
2,2,4,51,"Paul",1400,6436
1,2,4,22,"Ben",-600,6437
2,4,3,30,"Ben",2000,6437
1,3,4,5,"Scottie",1000,6438
2,6,3,53,"Scottie",-2000,6438
2,3,4,37,"Scottie",-6000,6438
1,3,3,19,"Emily",1500,6439
2,4,4,55,"Steven",-5000,6439
2,2,5,47,"Emily",3000,6439
1,4,4,13,"Geoff",2400,6440
2,2,2,57,"Geoff",8000,6440
2,5,3,43,"Cara",-2500,6440
1,1,4,9,"Lindsey",2800,6441
2,1,3,52,"Susan",2000,6441
2,5,4,54,"Lindsey",-3000,6441
1,1,3,18,"Anthony",3500,6442
2,1,4,55,"Susan",1000,6442
2,4,4,41,"Erin",-4000,6442
1,1,3,2,"Dmitriy",1000,6443
2,6,3,30,"Ed",5000,6443
2,4,4,50,"Erin",4000,6443
1,1,4,9,"Ed",3800,6444
2,3,2,44,"John",4000,6444
2,4,5,34,"Jackie",-3000,6444
1,3,5,7,"Laura",-600,6445
2,6,2,30,"Ed",-2800,6445
2,3,3,39,"Ed",2000,6445
1,2,4,5,"Amanda",400,6446
2,3,3,45,"Daryn",2000,6446
2,5,3,40,"Amanda",-4000,6446
1,3,5,7,"Daryn",-1600,6447
2,1,3,33,"Mononita",1400,6447
2,4,3,39,"Daryn",-5000,6447
1,1,4,4,"Andre",1000,6448
2,5,2,52,"Martha",-3500,6448
2,3,4,42,"Andre",-3400,6448
1,5,4,14,"Martha",800,6449
2,2,3,37,"Allyson",2500,6449
2,1,4,49,"Nick",-2000,6449
1,2,3,14,"Mushtaq",2000,6450
2,4,2,46,"Mushtaq",6000,6450
2,1,4,32,"Mushtaq",-100,6450
1,3,4,17,"Jamie",1600,6451
2,2,2,42,"Erin",2000,6451
2,5,4,49,"Kris",5000,6451
1,5,4,19,"Diana",1000,6452
2,4,2,49,"Diana",-1200,6452
2,2,3,52,"Steve!",3000,6452
1,4,4,29,"Anthony",3000,6453
2,4,5,50,"Steve!",6000,6453
2,6,5,51,"Steve!",3000,6453
1,1,4,10,"Steve!",-1400,6454
2,4,2,46,"Steve!",4000,6454
2,2,3,50,"Dave",2600,6454
1,1,5,16,"Miriam",1800,6455
2,4,3,31,"Andrew",2000,6455
2,5,4,50,"Steve!",-4000,6455
1,2,5,5,"Andrew",1000,6456
2,3,3,38,"Andrew",1500,6456
2,6,4,54,"Andrew",1500,6456
1,5,3,4,"Elaine",500,6457
2,3,3,40,"Elaine",200,6457
2,6,3,33,"Elaine",600,6457
1,1,5,5,"Gordon",500,6458
2,2,3,38,"Gordon",3100,6458
2,4,5,56,"Gordon",2600,6458
1,1,3,9,"Gilbert",1800,6459
2,1,4,32,"Kyle",2000,6459
2,2,5,39,"Kyle",-4000,6459
1,5,5,11,"Dhruv",-3000,6460
2,3,2,40,"Rob",-5400,6460
2,1,5,41,"Rob",2000,6460
1,5,4,7,"Lindsey",1800,6461
2,1,4,31,"Alan",4000,6461
2,5,5,42,"James",1109,6461
1,3,4,4,"Emma",1000,6462
2,2,2,43,"Emma",4000,6462
2,4,2,51,"Eric",3600,6462
1,5,5,14,"Francois",2500,6463
2,2,2,50,"Francois",8000,6463
2,6,4,39,"Ryan",-5400,6463
1,4,3,4,"Kyle",-1800,6464
2,3,2,47,"Kyle",6200,6464
2,2,4,31,"Dhruv",2000,6464
1,2,5,1,"James",1000,6465
2,2,3,36,"James",9066,6465
2,4,4,31,"Rachel",3200,6465
1,3,3,13,"Lindsey",2000,6466
2,4,3,34,"Lindsey",-3000,6466
2,2,5,46,"Francois",8000,6466
1,1,4,6,"James",-3000,6467
2,2,3,40,"James",9812,6467
2,5,3,34,"James",10600,6467
1,6,4,13,"Kevin",1400,6469
2,5,3,44,"Kevin",-4000,6469
2,3,4,54,"Andrew",-3000,6469
1,5,5,21,"Shannon",-1000,6470
2,1,3,57,"Sathvik",1000,6470
2,3,4,53,"Sathvik",2000,6470
1,5,4,12,"Dave",200,6471
2,4,2,58,"Dave",-6000,6471
2,5,3,52,"Sathvik",7700,6471
1,5,5,20,"Elise",1200,6472
2,1,3,46,"Elise",2200,6472
2,3,3,38,"Darrin",-3000,6472
1,5,3,24,"Joyee",4000,6473
2,3,3,35,"Joyee",-4000,6473
2,4,4,57,"Elise",2400,6473
1,1,5,5,"Drew",500,6474
2,2,4,51,"Drew",-600,6474
2,4,5,53,"Drew",600,6474
1,1,5,12,"Wayne",300,6475
2,1,4,39,"Nina",1100,6475
2,3,4,45,"Wayne",-900,6475
1,1,4,4,"Catherine",400,6476
2,1,5,50,"Wayne",1000,6476
2,5,5,60,"Wayne",-2400,6476
1,4,5,20,"Elise",-1600,6477
2,5,3,38,"Beth",5000,6477
2,4,5,48,"Beth",4000,6477
1,1,5,20,"Beth",1200,6478
2,3,2,44,"Beth",1800,6478
2,5,3,58,"Beth",-2000,6478
1,6,4,26,"Ellen",1600,6479
2,2,4,37,"Ben",-3500,6479
2,6,4,52,"Beth",-4800,6479
1,5,4,15,"Alex",-1312,6480
2,1,4,52,"Jamin",3000,6480
2,4,5,47,"Alex",2500,6480
1,1,3,18,"Alex",1500,6481
2,5,4,59,"Gabrielle",1000,6481
2,3,5,35,"Alex",5000,6481
1,1,4,11,"Mohammed",-1000,6482
2,6,3,49,"Alex",2800,6482
2,3,4,48,"Alex",-4000,6482
1,2,3,8,"Theodore",-400,6483
2,3,2,50,"Stephanie",3000,6483
2,5,4,46,"Alex",3000,6483
1,5,4,24,"Jennifer",2000,6484
2,4,2,37,"Jennifer",4000,6484
2,3,4,34,"Jennifer",3000,6484
1,3,4,11,"Jennifer",1000,6485
2,1,4,37,"Jennifer",2000,6485
2,3,4,41,"Jennifer",2500,6485
1,2,3,29,"Katie",-3000,6486
2,1,2,36,"Randy",2000,6486
2,2,4,49,"Jennifer",3000,6486
1,2,5,28,"Paul",-1800,6487
2,2,3,37,"Paul",1000,6487
2,3,4,44,"Paul",300,6487
1,2,3,28,"Steve",-400,6488
2,2,5,48,"Steve",-1000,6488
2,3,5,55,"Dave",-2000,6488
1,1,3,18,"Phyllis",400,6489
2,2,4,48,"Phyllis",1700,6489
2,5,4,55,"Dave",600,6489
1,2,4,11,"Paul",700,6490
2,1,2,38,"Tink",-500,6490
2,4,3,40,"Paul",1100,6490
1,5,5,25,"Jennifer",1500,6491
2,6,4,42,"Jennifer",4000,6491
2,4,5,46,"Ann",5000,6491
1,6,4,15,"Jackie",100,6492
2,6,4,41,"Dave",1500,6492
2,3,5,52,"Alec",800,6492
1,4,5,5,"Jennifer",1000,6493
2,3,2,37,"Shane",4000,6493
2,5,4,47,"Ben",-6000,6493
1,4,5,10,"Michael",-600,6494
2,3,3,48,"Michael",600,6494
1,3,4,20,"Jennifer",1000,6495
2,5,4,32,"Denise",-2000,6495
2,6,5,51,"Doug",-6000,6495
1,1,2,7,"Jennifer",600,6496
2,4,3,49,"Kim",2000,6496
2,1,4,41,"Kim",2000,6496
1,6,3,28,"Jennifer",2000,6497
2,3,3,39,"Lisa",2200,6497
2,1,5,47,"Jennifer",2000,6497
1,5,5,7,"Patrick",1000,6498
2,5,4,43,"Kirby",3000,6498
2,1,5,35,"Kirby",4000,6498
1,1,4,26,"Rodolfo",3000,6499
2,4,2,52,"Dagmar",6000,6499
2,3,4,59,"Dagmar",-3000,6499
1,6,3,27,"Christine",920,6500
2,2,3,33,"Christine",-1118,6500
2,6,4,53,"Christine",-624,6500
1,6,5,22,"Peggah",1300,6501
2,3,3,52,"Eric",3000,6501
2,4,4,46,"Eric",-3000,6501
1,5,1,14,"Claire",2000,6502
2,5,4,37,"Eric",5000,6502
2,2,5,60,"Eric",-5500,6502
1,2,2,2,"Eric",600,6503
2,2,3,47,"Robin",-3000,6503
2,3,5,43,"Eric",-4000,6503
1,6,3,28,"Drew",-2500,6504
2,2,2,55,"Barbara",-2000,6504
2,5,4,47,"Barbara",-2000,6504
1,2,5,25,"Alex",2000,6505
2,1,4,43,"Alex",6000,6505
2,4,5,47,"Alex",2000,6505
1,6,4,27,"Alex",1600,6506
2,1,2,37,"Alex",3000,6506
2,6,3,44,"Alex",-3000,6506
1,2,5,30,"Karen",2000,6507
2,2,5,32,"Matt",2600,6507
2,5,5,49,"Karen",-1500,6507
1,3,3,1,"Karen",1000,6508
2,3,3,52,"Karen",1000,6508
2,5,4,32,"Karen",-3000,6508
1,4,3,20,"Bill",2200,6509
2,5,2,57,"Bill",-5900,6509
2,2,5,41,"Karen",-2000,6509
1,6,5,5,"Val",2600,6510
2,6,2,36,"Val",-3000,6510
2,2,5,52,"Karen",2000,6510
1,4,5,23,"Karen",2000,6511
2,2,3,29,"Kevin",2400,6511
2,5,4,32,"Kevin",-6000,6511
1,4,5,13,"Mat",-1000,6512
2,2,3,27,"Shayna",2000,6512
2,3,3,32,"Karen",3000,6512
1,4,5,3,"Karen",-600,6513
2,1,3,38,"Karen",2000,6513
2,4,5,43,"Karen",3000,6513
1,5,3,5,"Karen",-1600,6514
2,1,4,42,"Lisa",-4000,6514
2,2,4,31,"Lisa",3000,6514
1,4,5,15,"Brad",1800,6515
2,5,3,34,"Ken",8600,6515
2,1,4,31,"Brad",-4000,6515
1,3,4,29,"Shaun",400,6517
2,3,4,46,"Shaun",-1500,6517
2,6,5,52,"Lisa",2000,6517
1,4,3,4,"James",1000,6518
2,4,5,41,"James",13600,6518
2,5,5,43,"Ken",8400,6518
1,4,4,19,"Lisa",1600,6520
2,2,3,53,"Katie",3000,6520
2,3,5,40,"Lisa",-2000,6520
1,3,5,7,"James",1400,6521
2,3,4,36,"Ken",9200,6521
2,5,4,31,"Brad",-3400,6521
1,3,3,15,"Katie",1000,6523
2,1,2,46,"Katie",2000,6523
2,3,2,50,"Jack",-2000,6523
1,2,5,30,"Katie",-2000,6524
2,2,2,55,"Veronica",4000,6524
2,4,3,48,"Veronica",-4000,6524
1,3,4,9,"Marlan",1200,6525
2,2,4,40,"Veronica",3000,6525
2,5,4,50,"Alissa",4000,6525
1,1,4,4,"Laura",-600,6528
2,2,2,45,"Veronica",3000,6528
2,5,4,59,"Veronica",-3000,6528
1,2,2,17,"Shanu",600,6529
2,3,4,43,"Shanu",-4000,6529
2,1,5,45,"Shanu",1500,6529
1,5,4,29,"Lindsay",-1500,6530
2,4,3,42,"Lindsay",2500,6530
2,1,4,48,"Dennis",4000,6530
1,1,3,15,"Matthew",1200,6531
2,3,2,55,"Traci",1000,6531
2,5,4,52,"Dennis",3500,6531
1,2,3,13,"Dennis",-1000,6532
2,3,4,51,"Dennis",-2500,6532
2,2,5,38,"Dennis",2500,6532
1,4,4,15,"John",1200,6533
2,5,3,46,"Dennis",2500,6533
2,4,5,39,"Dennis",2000,6533
1,3,2,28,"John",5000,6534
2,2,2,43,"John",3200,6534
2,1,3,32,"John",-3400,6534
1,1,4,4,"John",1200,6535
2,2,3,32,"Ashwin",-1400,6535
2,3,4,41,"John",-4000,6535
1,6,4,21,"Heather",2000,6536
2,4,2,49,"Heather",2000,6536
2,2,4,59,"Sarah",4000,6536
1,3,2,3,"Greg",1000,6537
2,1,3,56,"Sarah",4600,6537
2,6,4,59,"Greg",6400,6537
1,3,3,17,"Joshua",2200,6538
2,2,4,51,"Joshua",6000,6538
2,4,4,42,"Sarah",2000,6538
1,1,2,11,"Michelle",-2000,6539
2,5,5,48,"Joshua",5000,6539
2,6,5,36,"Joshua",3000,6539
1,3,3,14,"Matthew",-2800,6540
2,4,3,34,"Audrey",-4000,6540
2,1,4,43,"Michelle",2200,6540
1,2,3,16,"Michelle",-1800,6541
2,3,4,29,"Stephen",2000,6541
2,1,5,49,"Stephen",-2000,6541
1,2,5,13,"Kathryn",1000,6542
2,5,3,31,"Nipun",-3000,6542
2,1,5,37,"Kathryn",-2000,6542
1,1,2,17,"Travis",1200,6543
2,1,5,33,"Justin",-3000,6543
2,3,5,43,"Justin",-3000,6543
1,4,3,13,"Travis",2000,6544
2,4,4,51,"Patrick",3000,6544
2,1,5,36,"Patrick",2500,6544
1,4,3,10,"Gauravi",-1000,6545
2,6,4,34,"Gauravi",2000,6545
2,1,5,52,"Brenda",3200,6545
1,2,3,19,"Judy",700,6546
2,6,4,47,"Dennis",-800,6546
2,1,5,51,"Tim",-1600,6546
1,5,4,17,"Vinny",1200,6547
2,3,2,49,"Natalie",-3000,6547
2,5,5,57,"Natalie",-2000,6547
1,1,5,21,"Kristyna",2000,6548
2,6,3,39,"Vinny",-3000,6548
2,4,4,42,"Kristyna",1000,6548
1,2,5,30,"Jamie",-500,6549
2,1,3,41,"Jamie",-1200,6549
2,5,3,53,"Josh",-3000,6549
1,3,2,27,"Meaghan",2000,6550
2,3,2,46,"Brooke",7700,6550
2,4,4,34,"Josh",5400,6550
1,3,4,5,"Terry",1000,6551
2,1,5,55,"Terry",9800,6551
2,5,5,57,"Terry",-1000,6551
1,2,4,10,"Terry",3200,6552
2,5,2,49,"MacKenzie",13000,6552
1,4,4,22,"Rex",-2600,6553
2,6,3,56,"MacKenzie",3000,6553
2,5,4,34,"MacKenzie",-3000,6553
1,1,2,5,"Sam",1800,6554
2,5,2,37,"Sam",7000,6554
2,2,3,46,"MacKenzie",8000,6554
1,2,3,14,"Amal",2800,6555
2,3,3,48,"Amal",3000,6555
2,5,5,41,"Judy",-3000,6555
1,1,3,7,"Jon",200,6556
2,1,2,42,"Jon",2000,6556
2,5,4,52,"Jon",-5000,6556
1,2,3,6,"Steve",1000,6557
2,3,5,53,"MacKenzie",7000,6557
2,4,5,43,"Steve",3000,6557
1,3,5,13,"Steve",600,6558
2,5,3,50,"Felice",2000,6558
2,2,4,44,"Steve",3000,6558
1,6,3,24,"Bruce",-900,6559
2,3,3,43,"Bruce",-2500,6559
2,5,5,40,"Bruce",1000,6559
1,1,5,10,"Jonathan",1000,6560
2,2,3,42,"Kathy",-2000,6560
2,1,4,35,"Jonathan",1900,6560
1,2,3,20,"Christopher",2000,6561
2,3,4,57,"Christopher",-5000,6561
2,5,4,46,"MacKenzie",6000,6561
1,1,3,10,"MacKenzie",3200,6562
2,2,4,58,"Signe",-2000,6562
2,5,5,46,"MacKenzie",5000,6562
1,3,4,24,"Mike",1000,6563
2,2,5,60,"Judy",2000,6563
2,5,5,46,"Mike",-1000,6563
1,1,4,18,"Aaron",3000,6564
2,2,3,47,"Allison",3000,6564
2,3,4,39,"Allison",-4000,6564
1,6,2,9,"Aaron",-2800,6565
2,3,4,39,"Aaron",4000,6565
2,4,5,52,"Susan",-2500,6565
1,4,3,16,"Eileen",300,6566
2,4,4,46,"Michael",500,6566
2,6,4,36,"Michael",-900,6566
1,5,2,7,"Bruce",-2400,6567
2,5,3,43,"Bruce",5000,6567
2,1,5,40,"Bruce",-3000,6567
1,6,4,4,"Mike",400,6568
2,5,4,54,"Bruce",3000,6568
2,2,5,44,"Bruce",5000,6568
1,3,3,30,"Mike",1000,6569
2,3,3,41,"Margaret",2400,6569
2,4,5,55,"Paul",3000,6569
1,6,4,15,"Paul",1200,6570
2,3,3,33,"Zahkia",-1200,6570
2,5,4,49,"Paul",2000,6570
1,2,4,10,"Mahesh",3200,6571
2,5,3,44,"Paul",2000,6571
2,2,4,35,"Mahesh",400,6571
1,6,4,22,"Vaughn",-500,6572
2,6,2,47,"Eric",-600,6572
2,5,4,31,"Vaughn",1000,6572
1,2,5,9,"Louise",500,6573
2,4,4,38,"Bernard",2000,6573
2,5,4,40,"Hank",2000,6573
1,1,4,16,"Chloe",-2200,6574
2,3,2,31,"Paul",2500,6574
2,5,4,51,"Paul",1500,6574
1,4,3,6,"Mark",2400,6575
2,4,2,33,"Mark",3200,6575
2,5,4,55,"Mark",-2000,6575
1,6,4,4,"Paul",600,6576
2,2,3,41,"Laurie",3000,6576
2,3,4,47,"Jessica",-2500,6576
1,3,4,29,"Dewi",2000,6577
2,5,2,54,"Waseem",-4000,6577
2,6,4,56,"Waseem",-4200,6577
1,3,4,18,"Duncan",1500,6578
2,6,4,43,"Kim",-2000,6578
2,5,5,57,"Jessica",2000,6578
1,5,3,8,"Jessica",1000,6579
2,5,4,34,"Sid",2000,6579
1,4,4,20,"Kris",1000,6580
2,3,4,37,"Sid",2000,6580
2,1,5,31,"Kris",-4200,6580
1,1,5,14,"Emmy",-2800,6581
2,1,4,31,"Kris",-3000,6581
2,2,4,44,"Emmy",3000,6581
1,2,3,27,"Andrea",-1000,6582
2,5,2,42,"Aaron",-2600,6582
2,2,5,51,"Michonne",-2000,6582
1,2,4,9,"Katy",-1600,6583
2,1,2,52,"Michonne",2000,6583
2,5,3,32,"Abhijit",1200,6583
1,6,5,17,"Vikram",-3000,6584
2,2,3,34,"Kimberly",-1000,6584
2,1,4,40,"Kimberly",2000,6584
1,1,5,6,"Lindsay",-1400,6585
2,2,2,38,"Lindsay",2000,6585
2,4,3,54,"Lindsay",-3000,6585
1,6,3,13,"Adam",-1200,6586
2,4,3,38,"Nick",3000,6586
2,3,4,48,"Adam",4000,6586
1,6,3,23,"Adam",-2000,6587
2,1,3,42,"Adam",4000,6587
2,2,5,54,"Evan",-3000,6587
1,2,3,21,"Matt",-1600,6588
2,5,2,30,"Khalilah",-2000,6588
2,2,5,31,"Khalilah",2000,6588
1,2,3,3,"Monya",1000,6589
2,1,2,58,"Monya",3400,6589
2,2,4,56,"Monya",-6000,6589
1,4,5,20,"Leanne",1000,6590
2,5,3,53,"Kyle",-6400,6590
2,1,5,60,"Kyle",2000,6590
1,5,4,26,"Leanne",-1500,6591
2,4,3,43,"Leanne",2500,6591
1,6,2,20,"Hemant",-1000,6592
2,4,4,50,"Felicity",2000,6592
1,1,5,30,"Felicity",-1300,6593
2,1,3,58,"Jeff",-700,6593
2,4,4,44,"Jeff",2000,6593
1,4,5,25,"Jack",400,6594
2,2,3,58,"Jack",500,6594
2,4,5,50,"Lynn",-2000,6594
1,5,5,23,"Judy",700,6595
2,4,4,51,"Tom",1400,6595
2,6,4,59,"Tom",-600,6595
1,4,4,17,"Emma",2000,6596
2,3,4,31,"Marshall",1000,6596
2,6,5,35,"Marshall",2000,6596
1,5,3,11,"Nathaniel",800,6597
2,3,3,37,"Nathaniel",-2000,6597
2,6,4,33,"Kayla",-3000,6597
1,5,4,12,"Alistair",-1400,6598
2,2,3,59,"Alistair",-6200,6598
2,3,3,48,"Kylie",3000,6598
1,6,3,18,"Beni",-2000,6599
2,2,3,46,"Joe",5000,6599
2,6,3,55,"Beni",-4000,6599
1,6,3,4,"Natalie",1000,6600
2,1,3,47,"Nibir",-2500,6600
2,4,3,41,"Tyler",3400,6600
1,6,4,16,"Beni",4000,6601
2,1,5,31,"Tyler",2200,6601
2,3,5,39,"Tyler",3200,6601
1,2,5,14,"Nibir",4400,6602
2,1,4,50,"Nibir",1600,6602
2,2,5,43,"Nibir",3000,6602
1,1,5,22,"Nathaniel",-800,6603
2,2,5,33,"Marshall",5000,6603
2,3,5,45,"Marshall",-3000,6603
1,4,4,5,"Nibir",-1000,6604
2,6,3,36,"Nibir",8000,6604
2,3,5,30,"Tyler",-2400,6604
1,6,3,8,"Jay",500,6606
2,4,4,44,"Mark",-1500,6606
2,3,5,40,"Jay",-2000,6606
1,1,2,15,"Andrew",3400,6607
2,6,2,34,"Ben",1600,6607
2,4,4,28,"Ben",-1800,6607
1,2,4,16,"Andrew",1800,6608
2,6,3,55,"Gary",2000,6608
2,3,5,48,"Andrew",1200,6608
2,4,4,51,"Mark",-500,6609
1,5,4,1,"Gary",1000,6610
2,2,2,46,"Sharon",2200,6610
2,4,3,51,"Gary",3000,6610
2,2,4,48,"Ginny",800,6611
2,5,4,41,"Vicki",-1000,6611
1,2,5,16,"Sharon",-1800,6612
2,1,3,34,"Molly",3000,6612
2,6,4,49,"Sharon",-5000,6612
1,5,5,12,"Laura",-1500,6613
2,4,5,60,"Laura",-1000,6613
2,6,5,41,"David",-1200,6613
1,2,3,17,"Shawn",2000,6614
2,2,2,43,"Tim",3000,6614
2,1,5,54,"Tim",-6000,6614
1,5,4,25,"John",300,6615
2,2,3,33,"Linda",2000,6615
2,1,5,40,"Linda",-3000,6615
1,2,5,20,"Matt",-1200,6616
2,2,3,59,"Lauren",-2000,6616
2,5,3,58,"Lauren",2500,6616
1,5,3,13,"Anne",300,6617
2,1,4,39,"Lynne",1000,6617
2,4,5,55,"Anne",-800,6617
1,1,3,23,"Mina",-2000,6618
2,3,2,30,"Alison",-600,6618
2,6,4,48,"Alison",600,6618
1,1,4,7,"Gail",-900,6619
2,1,5,48,"Gail",2500,6619
2,4,5,51,"India",-900,6619
1,5,4,5,"Anastasia",1000,6620
2,5,3,52,"Alwin",3800,6620
2,1,4,32,"Sarah",2000,6620
1,5,3,19,"Don",500,6621
2,3,3,50,"Don",1500,6621
2,2,5,41,"Kip",2000,6621
1,2,3,14,"Jesse",1000,6622
2,3,3,42,"Jesse",5600,6622
2,2,5,60,"Sarah",-300,6622
1,2,4,6,"Jesse",1800,6623
2,2,4,58,"Quemars",3200,6623
2,1,5,31,"Quemars",1600,6623
1,6,4,13,"Susan",-500,6624
2,3,3,54,"Susan",-2000,6624
2,4,4,39,"Mitch",1500,6624
1,4,3,28,"Leszek",-500,6625
2,6,4,52,"Leszek",800,6625
2,3,5,48,"Leszek",-2200,6625
1,4,3,13,"Leszek",-500,6626
2,4,2,32,"Steve",600,6626
2,1,3,55,"Leszek",2600,6626
1,6,5,30,"Leszek",1000,6627
2,3,2,37,"Leszek",3000,6627
2,2,5,60,"Don",-4100,6627
1,4,5,11,"Jay",-500,6628
2,3,5,48,"Susie",2000,6628
2,5,5,56,"Jay",1500,6628
1,1,5,13,"Beth",1000,6629
2,6,4,54,"Brendan",-1000,6629
2,5,5,56,"Brendan",-500,6629
1,6,4,21,"Judy",-800,6630
2,1,4,45,"Jim",2000,6630
2,6,4,35,"Judy",2000,6630
1,1,5,30,"David",-1100,6631
2,1,4,56,"Dolores",2000,6631
2,3,4,58,"Judy",-1500,6631
1,2,3,23,"Brenda",500,6632
2,1,3,53,"Ken",-500,6632
2,2,5,42,"Brenda",500,6632
1,1,4,12,"Gail",-100,6633
2,4,3,26,"Steve",300,6633
2,1,4,46,"Brenda",-300,6633
1,4,5,29,"Ted",500,6634
2,2,4,58,"Pam",-2000,6634
2,6,4,45,"Walt",1000,6634
1,1,3,22,"Stuart",-200,6635
2,2,3,44,"Stuart",-600,6635
2,6,4,49,"Stuart",1000,6635
1,1,5,23,"Ted",700,6636
2,3,3,52,"Tom",-3000,6636
2,6,5,42,"Sheryl",1000,6636
1,5,5,21,"Rick",1000,6637
2,4,5,53,"Bob",-3000,6637
2,6,5,48,"Bob",-2000,6637
1,5,5,15,"Frank",500,6638
2,1,5,60,"Jean",-2000,6638
2,6,5,35,"Amy",1000,6638
1,5,5,13,"Damon",1000,6639
2,6,4,43,"Amy",1500,6639
2,4,5,60,"Damon",2000,6639
1,5,5,21,"Paul",800,6640
2,1,4,39,"Steve",2400,6640
2,3,4,50,"Paul",-1000,6640
1,4,5,22,"Sam",700,6641
2,5,3,51,"Linda",3000,6641
2,3,5,37,"Gordon",1000,6641
1,5,5,7,"Jack",400,6642
2,1,4,48,"Jack",1600,6642
2,4,5,60,"Mimi",-5000,6642
1,4,5,28,"John",1000,6643
2,4,4,51,"Len",1200,6643
2,5,5,45,"John",1200,6643
1,4,5,30,"Len",500,6644
2,2,4,38,"Len",1000,6644
2,6,5,50,"Len",1000,6644
1,4,4,15,"Len",1000,6645
2,3,4,50,"Herb",-2000,6645
2,6,4,39,"Albina",1700,6645
1,5,3,8,"Albina",800,6646
2,3,4,39,"Albina",1500,6646
2,2,5,58,"Albina",-2500,6646
1,5,5,25,"Albina",800,6647
2,3,2,47,"Albina",-2000,6647
2,4,4,55,"Keith",1000,6647
1,4,5,21,"Ann",800,6648
2,3,3,45,"Keith",1000,6648
2,2,5,36,"Kevin",2000,6648
1,5,5,25,"Gordon",500,6649
2,4,4,54,"Gordon",1000,6649
2,2,5,50,"Gordon",1000,6649
1,1,2,3,"Al",500,6650
2,4,2,33,"Al",-1800,6650
2,3,5,56,"Al",2000,6650
1,5,5,11,"Megan",2000,6651
2,2,2,41,"Ben",-2000,6651
2,1,3,33,"Ben",-3000,6651
1,4,4,24,"Gordon",800,6652
2,2,5,38,"Madeleine",-1000,6652
2,5,5,55,"Gordon",-1000,6652
1,3,3,14,"Jackie",1600,6653
2,2,3,54,"Ben",2200,6653
2,4,3,55,"Ben",-1000,6653
1,3,4,7,"Patrick",500,6654
2,3,2,43,"Brenda",1200,6654
2,6,5,60,"Gordon",1000,6654
1,2,3,13,"Nathan",-800,6655
2,5,2,44,"Ben",2000,6655
2,1,4,59,"Ben",-4600,6655
1,2,2,27,"Matt",500,6656
2,5,4,53,"Chris",2500,6656
2,2,5,41,"Matt",1400,6656
1,2,4,22,"Nathan",1000,6657
2,3,4,45,"Shawn",3000,6657
2,4,4,34,"Nathan",-800,6657
1,4,4,14,"Elena",-400,6658
2,1,4,41,"Dan",900,6658
2,3,5,35,"Elena",-300,6658
1,2,3,18,"Shawn",3000,6659
2,1,3,50,"Morgan",5000,6659
2,3,3,45,"Morgan",6600,6659
1,2,3,18,"David",1000,6660
2,1,3,48,"Kristen",1100,6660
2,3,3,43,"Matt",-2000,6660
1,2,4,19,"Anna",-300,6661
2,1,3,48,"Alex",700,6661
2,2,4,35,"Alex",1000,6661
1,3,5,28,"Jason",500,6662
2,6,2,33,"David",-300,6662
2,1,5,46,"Jason",1000,6662
1,2,2,3,"Kristine",500,6663
2,1,4,37,"Alex",1500,6663
2,5,5,53,"Alex",4000,6663
1,1,5,30,"Ivory",-3400,6664
2,2,3,43,"Amanda",-2000,6664
2,3,4,59,"Ivory",-4400,6664
1,5,2,13,"Linda",-500,6665
2,5,3,45,"Linda",2000,6665
2,3,4,49,"Kyle",3000,6665
1,6,4,19,"Sam",1600,6666
2,4,2,48,"Meggie",-5000,6666
2,1,5,42,"Meggie",4000,6666
1,5,2,18,"Jenna",600,6667
2,4,3,33,"Will",3800,6667
2,6,3,43,"Will",1200,6667
1,5,4,29,"David",-100,6668
2,4,3,45,"David",2000,6668
2,3,4,58,"Tom",1400,6668
1,4,4,18,"Linda",400,6669
2,2,3,38,"Tom",1000,6669
2,5,4,32,"Alex",1000,6669
1,4,4,9,"Ben",-2000,6670
2,4,2,59,"Ben",100,6670
2,6,5,45,"Mary Kate",-4000,6670
1,3,5,21,"Jong Ho",3456,6672
2,2,3,50,"Jong Ho",3456,6672
2,5,3,33,"Allison",-2000,6672
1,6,4,20,"Kristen",-300,6673
2,1,5,43,"Dan",-1100,6673
2,2,5,36,"Dan",1200,6673
1,6,5,19,"Eric",1500,6674
2,2,3,41,"Eric",800,6674
2,3,3,38,"Matt",1000,6674
1,4,5,16,"Eric",1500,6675
2,3,4,34,"Eric",2500,6675
2,1,5,57,"Stan",2000,6675
1,5,4,26,"Andr",1800,6677
2,1,4,34,"Andr",3700,6677
2,2,4,57,"Andr",100,6677
1,3,4,4,"Jong Ho",-600,6678
2,2,3,36,"Will",3800,6678
2,1,4,47,"Will",-5630,6678
1,4,5,12,"Stephanie",1000,6679
2,2,5,52,"Stephanie",1500,6679
2,3,5,39,"Stephanie",2000,6679
1,2,4,11,"Meggie",3000,6680
2,2,3,55,"Jenna",-2000,6680
2,4,5,59,"Meggie",-5000,6680
1,1,5,18,"Keri",600,6681
2,5,3,53,"Jeff",4000,6681
2,2,5,43,"Dave",1500,6681
1,1,4,2,"Lauren",1000,6682
2,4,2,31,"Sam",2400,6682
2,6,4,59,"Lauren",-2000,6682
1,3,5,3,"Will",-600,6684
2,5,2,52,"Will",4400,6684
2,3,4,42,"Meggie",-7600,6684
1,4,4,27,"Jodi",-500,6685
2,4,4,34,"Ben",2000,6685
2,2,5,50,"Ben",2500,6685
1,4,5,5,"Steve",-800,6687
2,6,3,54,"Todd",-2000,6687
2,3,5,50,"Todd",2000,6687
1,3,5,5,"Martha",400,6688
2,5,3,53,"Sujit",-1500,6688
2,6,4,58,"Sujit",1000,6688
1,1,5,11,"April",700,6689
2,1,4,44,"April",600,6689
2,4,5,52,"Jason",-1200,6689
1,3,5,10,"Mark",600,6690
2,4,4,52,"Sarah Jane",1100,6690
2,5,5,54,"Mark",-1500,6690
1,1,5,15,"Tonya",2000,6691
2,6,3,37,"Morgan",3000,6691
2,2,5,50,"Morgan",4800,6691
1,5,4,24,"Shawn",400,6692
2,4,4,41,"Kristin",800,6692
2,1,5,35,"Kristin",400,6692
1,2,5,25,"Jeff",-500,6693
2,4,4,54,"Jeff",-500,6693
2,5,4,55,"Jeff",300,6693
1,1,3,9,"Morgan",100,6694
2,5,3,46,"Zach",4600,6694
2,2,4,55,"Zach",-3000,6694
1,1,5,6,"Steve",1000,6695
2,3,4,44,"Zach",2000,6695
2,1,5,39,"Zach",3000,6695
1,4,4,29,"Brooke",-500,6696
2,4,4,46,"Kristin",1000,6696
2,6,4,56,"Brooke",500,6696
1,5,4,26,"Jennifer",800,6697
2,5,3,39,"Jennifer",-2000,6697
2,3,4,44,"Zach",5000,6697
1,4,4,9,"Brian",-900,6698
2,2,3,34,"Jeff",300,6698
2,6,5,47,"Jeff",200,6698
1,5,4,25,"Zach",-1600,6699
2,3,4,47,"Zach",-2000,6699
2,2,5,41,"Zach",-4000,6699
1,5,5,12,"George",700,6700
2,1,5,33,"George",1000,6700
2,2,5,53,"Judy",-500,6700
1,1,4,29,"Leonard",1500,6701
2,1,4,49,"Leonard",-1000,6701
2,3,5,45,"Pat",3000,6701
1,4,4,25,"Bob",600,6702
2,2,4,54,"Liz",1000,6702
2,4,5,44,"Liz",2500,6702
1,6,3,28,"Marge",-700,6703
2,3,5,44,"Cecelia",1000,6703
2,4,5,33,"Cecelia",500,6703
1,5,3,19,"Cole",-500,6704
2,3,2,44,"Anne",600,6704
2,2,4,30,"Cole",1000,6704
1,3,3,21,"Josh",-100,6705
2,2,5,50,"Cynthia",1000,6705
2,3,5,55,"Cynthia",-1000,6705
1,1,3,28,"Steve",-1000,6706
2,3,5,60,"Rebekah",-1000,6706
2,4,5,58,"Rebekah",800,6706
1,4,3,18,"Cynthia",500,6707
2,5,4,39,"Ben",-2000,6707
2,3,5,35,"Ben",1200,6707
1,4,5,15,"Rebekah",500,6708
2,4,3,44,"Rebekah",1400,6708
2,6,3,48,"Rebekah",1300,6708
1,4,4,29,"Cori",600,6710
2,2,4,42,"Cori",1400,6710
2,3,5,57,"Becky",-2100,6710
1,4,5,15,"Lev",800,6711
2,6,4,39,"Lev",600,6711
2,5,5,60,"Patricia",3000,6711
1,1,4,21,"Nancy",-500,6712
2,1,4,34,"Jesse",-1500,6712
2,4,5,50,"Nancy",400,6712
1,3,5,23,"Mit",700,6713
2,2,5,58,"Mit",500,6713
2,5,5,35,"Mit",1000,6713
1,2,3,28,"Susannah",800,6714
2,5,2,42,"Mathew",2500,6714
2,6,5,56,"Susannah",-900,6714
1,1,5,27,"Halla",500,6715
2,3,2,54,"Deborah",1000,6715
2,6,4,34,"Halla",500,6715
1,6,4,21,"John",400,6716
2,4,3,33,"John",1000,6716
2,6,5,54,"John",500,6716
1,4,3,23,"Nelson",800,6717
2,1,4,56,"Nelson",2000,6717
2,5,5,41,"Ericka",1000,6717
1,3,5,26,"Hugh",1000,6718
2,4,4,59,"Leon",700,6718
2,5,5,46,"Marty",-600,6718
1,3,5,10,"Noel",600,6719
2,1,4,56,"Noel",-1000,6719
2,6,4,38,"Noel",1000,6719
1,4,5,30,"Barbara",1500,6720
2,6,3,33,"Marilyn",1500,6720
2,1,5,56,"Barbara",3000,6720
1,3,5,9,"Jesse",500,6721
2,3,5,57,"Jesse",-5,6721
2,6,5,56,"Jesse",5,6721
1,6,3,3,"Tim",500,6722
2,3,3,48,"Tim",2000,6722
2,4,3,40,"Kimberly",900,6722
1,5,5,10,"Nick",1200,6723
2,3,4,31,"Billy",1000,6723
2,5,4,40,"Stephanie",2000,6723
1,3,3,3,"Susannah",500,6724
2,2,2,58,"Susannah",1100,6724
2,1,4,35,"Halla",500,6724
1,1,5,15,"Sujit",500,6725
2,1,4,41,"Mathew",-2000,6725
2,2,5,45,"Deborah",2000,6725
1,4,5,5,"Erika",-500,6726
2,6,4,39,"Jim",2100,6726
2,5,5,45,"Erika",-1000,6726
1,3,5,5,"Geoff",-300,6727
2,3,3,53,"Geoff",-700,6727
2,4,3,43,"Julee",2000,6727
1,4,4,16,"Joe",1000,6728
2,2,4,34,"Anthony",1000,6728
2,5,4,48,"Joe",-1000,6728
1,1,3,8,"Amanda",400,6729
2,1,3,58,"Carmen",1000,6729
2,5,4,55,"Amanda",-1100,6729
1,1,5,11,"Ben",800,6730
2,5,2,32,"Jodi",-1200,6730
2,6,4,59,"Ben",1500,6730
1,4,4,15,"Anthony",500,6731
2,5,3,35,"Anthony",1500,6731
2,2,4,32,"Peter",1500,6731
1,5,3,13,"Julee",500,6732
2,6,2,59,"Ben",2000,6732
2,2,3,31,"Derek",2000,6732
1,4,4,9,"Bronwyn",-700,6733
2,5,4,51,"Bronwyn",-1800,6733
1,1,5,21,"Allyson",-1000,6734
2,5,2,57,"Allyson",800,6734
2,4,5,40,"Allyson",-1200,6734
1,4,5,26,"Bill",500,6735
2,4,3,53,"Bill",400,6735
2,2,5,42,"Bill",-400,6735
1,3,3,8,"David",700,6736
2,3,3,40,"David",2000,6736
2,5,3,32,"Jean",700,6736
1,4,5,6,"Franco",500,6738
2,6,3,57,"Michael",-1000,6738
2,2,4,48,"Kelly",800,6738
1,4,3,20,"Maureen",1000,6739
2,2,3,50,"Holly",-500,6739
2,1,5,55,"Andr",-900,6739
1,3,5,10,"Ernst",-1000,6740
2,2,4,34,"Ernst",2500,6740
2,3,5,40,"Ernst",-1000,6740
1,4,4,24,"Dave",-2000,6741
2,2,4,53,"Amy",1100,6741
2,3,5,37,"Dave",1500,6741
1,1,5,1,"Kyle",300,6742
2,2,4,32,"Amy",800,6742
2,5,5,40,"Kyle",-2900,6742
1,5,5,20,"Glen",500,6743
2,2,3,57,"Chris",1500,6743
2,5,3,34,"Chris",1500,6743
1,1,4,27,"Bruce",-500,6744
2,3,4,41,"Ed",-1100,6744
2,1,5,57,"Bruce",2000,6744
1,1,5,5,"Steve",800,6745
2,3,3,56,"Steve",3000,6745
2,2,5,51,"Rob",600,6745
1,2,3,27,"Scott",1000,6746
2,4,3,37,"Scott",800,6746
2,2,4,55,"Sharon",-1500,6746
1,2,2,27,"Marilyn",400,6747
2,3,4,50,"Scott",-600,6747
2,6,5,60,"Marilyn",700,6747
1,5,3,28,"Marilyn",-300,6748
2,5,3,33,"Bill",1000,6748
2,1,5,45,"Bill",-1500,6748
1,4,3,25,"Richard",2600,6749
2,2,3,58,"Bill",3000,6749
2,3,4,44,"Ken",2200,6749
1,1,4,29,"Stephen",800,6750
2,1,2,47,"Stephen",1600,6750
2,6,4,54,"Stephen",800,6750
1,1,4,25,"Stephen",1500,6751
2,1,4,40,"Peter",1000,6751
2,4,5,36,"Stephen",1800,6751
2,1,3,42,"Alice",1800,6752
2,2,5,57,"Alice",-2000,6752
1,3,5,25,"Meridith",500,6753
2,1,2,33,"Meridith",-1000,6753
2,6,4,54,"Meridith",1000,6753
1,1,5,10,"Rob",300,6754
2,6,3,58,"Rob",1000,6754
2,1,5,46,"Rob",600,6754
1,5,5,11,"Pat",800,6755
2,2,4,40,"Becky",1300,6755
2,6,5,52,"Matt",4013,6755
1,3,5,26,"Dylan",200,6756
2,2,3,35,"Dylan",600,6756
2,4,5,45,"Dylan",1200,6756
1,3,2,17,"Matt",-513,6757
2,5,4,50,"Jill",800,6757
2,4,5,60,"Matt",-1526,6757
1,6,5,20,"Frances",1000,6758
2,4,4,53,"Frances",2000,6758
2,5,4,56,"Darrell",600,6758
1,6,5,22,"Alice",300,6759
2,3,4,34,"Matt",1000,6759
2,4,5,42,"Matt",2000,6759
1,3,5,23,"Jonathan",-700,6760
2,1,5,50,"Felicia",1000,6760
2,2,5,55,"Felicia",-1000,6760
1,4,4,4,"Rebecca",-500,6761
2,6,4,56,"Peter",1500,6761
2,4,5,47,"Rebecca",-1500,6761
1,3,4,19,"Jordan",-1000,6762
2,2,4,59,"Jordan",1000,6762
2,6,5,37,"Kirstin",1000,6762
1,1,5,18,"Geoff",1000,6763
2,1,4,55,"Brian",-3000,6763
2,5,4,43,"Brian",-2500,6763
2,1,4,42,"Bill",2000,6764
2,2,4,36,"Ron",1000,6764
1,4,5,12,"Eric",-700,6765
2,3,4,50,"Eric",1000,6765
2,1,5,56,"John",3000,6765
1,3,4,14,"Meredith",500,6767
2,1,3,39,"Meredith",2000,6767
2,3,5,32,"John",2000,6767
1,4,5,25,"Jeremy",-500,6768
2,1,4,59,"Dorothy",-3000,6768
2,3,5,45,"Peter",2000,6768
1,4,3,24,"Paul",-600,6769
2,3,4,45,"Matt",-2000,6769
2,1,5,38,"Peter",2000,6769
1,5,5,15,"Dow",-1400,6770
2,5,5,49,"Florence",-1000,6770
2,6,5,53,"Florence",2000,6770
1,3,5,30,"Anne",-1000,6771
2,5,3,36,"Arnold",-2000,6771
2,2,4,44,"George",-1000,6771
1,2,4,29,"Judy",-200,6772
2,1,2,41,"Bernard",-1500,6772
2,4,4,48,"Bernard",2700,6772
1,2,5,13,"Hank",1200,6773
2,4,4,40,"Bob",1000,6773
2,3,5,37,"Hank",-1700,6773
1,4,5,25,"Bernard",300,6774
2,2,4,36,"George",2000,6774
2,5,5,50,"George",-1000,6774
1,2,3,8,"Val",500,6776
2,2,4,53,"Lou",800,6776
2,6,4,39,"Lou",800,6776
1,6,2,14,"Nancy",-500,6777
2,2,3,51,"Babs",1500,6777
2,4,5,59,"Babs",-1200,6777
1,2,4,5,"Bob",-300,6778
2,4,2,36,"Bob",1000,6778
2,2,4,59,"Bob",1000,6778
1,2,4,19,"Malcolm",-500,6779
2,3,4,54,"Babs",-3000,6779
2,4,5,52,"Lou",-1000,6779
1,1,3,4,"Val",-100,6780
2,3,4,43,"Mary",2000,6780
2,5,4,55,"Henry",-3000,6780
1,5,3,24,"Bob",1100,6781
2,6,3,43,"Nancy",-1600,6781
2,2,4,59,"Kay",-1299,6781
1,2,5,5,"Mary",1000,6782
2,3,5,57,"Lou",1200,6782
2,5,5,35,"Mary",2000,6782
1,2,3,3,"Hugh",500,6783
2,4,3,55,"Jim",1000,6783
2,2,5,41,"Jim",2000,6783
1,1,5,14,"Paula",-500,6784
2,2,4,50,"Paula",1000,6784
2,3,4,34,"Hansford",1000,6784
1,3,4,24,"Lois",500,6785
2,1,3,32,"Lois",-1000,6785
2,3,5,41,"Lois",1000,6785
1,1,4,4,"Hugh",500,6786
2,3,4,57,"Hugh",3000,6786
2,5,5,34,"Leonard",1000,6786
2,2,3,56,"Pat",-2000,6787
2,1,4,52,"Carolyn",-1000,6787
1,4,5,22,"Hansford",-500,6788
2,3,5,35,"Jim",2000,6788
2,6,5,47,"Hansford",2000,6788
1,4,4,4,"Leonard",500,6789
2,1,3,51,"Leonard",-2000,6789
2,4,5,56,"Leonard",-1000,6789
1,4,5,5,"Jim",-500,6791
2,1,5,40,"Carol",-1000,6791
2,4,5,50,"Jim",-1500,6791
1,3,5,13,"Alec",1000,6792
2,2,3,48,"Alec",2000,6792
2,1,5,45,"Ann",-1000,6792
1,3,4,19,"Alec",-1000,6793
2,3,4,49,"Alec",3000,6793
2,5,4,54,"Alec",2000,6793
1,3,5,10,"Frances",-500,6794
2,4,4,39,"Joe",1000,6794
2,3,5,55,"Joe",1000,6794
1,2,4,9,"Darrell",500,6795
2,3,3,58,"Jim",3000,6795
2,5,5,36,"Jim",-700,6795
1,3,5,5,"Bart",900,6796
2,6,3,58,"Joe",-1000,6796
2,3,4,46,"Joe",2500,6796
1,4,5,14,"Pete",500,6798
2,4,4,55,"Diane",-500,6798
2,5,5,46,"Diane",1500,6798
1,4,4,19,"Anne",700,6799
2,2,4,52,"Elliot",2000,6799
2,1,5,50,"Anne",1000,6799
1,5,3,9,"Larry",-300,6800
2,3,5,46,"Caroline",-2000,6800
2,4,5,42,"Larry",-1800,6800
1,4,4,20,"Aaron",-800,6801
2,3,4,46,"Aaron",-700,6801
2,6,5,49,"Aaron",500,6801
1,5,4,9,"Anne",500,6802
2,2,4,34,"Susan",800,6802
2,3,4,44,"Al",-3200,6802
1,4,4,29,"Steve",-900,6803
2,5,3,53,"Diane",1500,6803
2,4,4,59,"Elliot",500,6803
1,4,5,30,"Aaron",-600,6804
2,1,4,59,"Aaron",-500,6804
2,5,5,56,"Aaron",500,6804
1,3,4,4,"David",500,6805
2,5,3,53,"David",900,6805
2,2,4,36,"David",-1000,6805
1,5,4,14,"Graham",600,6806
2,5,3,45,"Jerry",1000,6806
2,4,5,60,"Jerry",1000,6806
1,4,5,15,"Sharon",-500,6807
2,3,3,48,"Diane",1000,6807
2,6,3,43,"Diane",-800,6807
1,1,5,5,"Phyllis",500,6808
2,3,5,49,"Darryl",400,6808
2,4,5,44,"Darryl",-400,6808
1,4,4,9,"Dave",1200,6809
2,5,2,38,"Jerry",1000,6809
2,1,5,55,"Parma",3000,6809
1,2,5,17,"Jerry",-1000,6810
2,6,3,48,"David",1000,6810
2,2,5,36,"David",2000,6810
1,4,4,29,"John",500,6811
2,2,3,49,"Gail",-1300,6811
2,4,4,40,"John",2000,6811
1,4,4,17,"Derek",800,6812
2,3,4,56,"Rick",2000,6812
2,4,5,51,"Derek",3000,6812
1,5,5,12,"Jeff",500,6813
2,3,4,57,"Jeff",1000,6813
2,2,5,41,"Jeff",1000,6813
1,4,3,18,"Jeff",500,6814
2,6,3,40,"Mike",1200,6814
2,3,5,37,"Jeff",1500,6814
1,5,5,25,"Bill",-500,6815
2,1,4,54,"Carol Ann",1000,6815
2,2,5,48,"Mark",-800,6815
1,4,2,3,"Ric",300,6816
2,2,3,26,"Ed",1000,6816
2,5,3,46,"Ed",600,6816
1,2,5,20,"Ed",-800,6817
2,6,3,46,"Sue",1000,6817
2,2,4,41,"Sue",800,6817
1,4,4,12,"Sandy",400,6818
2,4,4,49,"Phil",1000,6818
2,5,4,55,"Michael",1000,6818
1,4,5,8,"Ange",1000,6819
2,2,4,46,"Parma",2000,6819
2,5,4,54,"Parma",1000,6819
1,6,4,7,"Steve",300,6820
2,3,4,44,"David",400,6820
2,4,5,35,"Steve",-500,6820
1,4,3,20,"Cory",1500,6821
2,2,4,33,"Jeff",2000,6821
2,5,5,45,"Jeff",2000,6821
1,1,3,28,"Cory",2000,6822
2,1,3,52,"Ted",-4000,6822
2,5,4,48,"Ted",-3600,6822
1,5,5,5,"Cory",-600,6823
2,4,4,43,"Kelly",-3000,6823
2,5,4,51,"David",-3000,6823
1,6,4,23,"Beth",2000,6824
2,2,2,44,"Joe",2000,6824
2,4,3,36,"David",-7400,6824
1,6,2,8,"Joe",-1000,6825
2,2,4,40,"Herman",3200,6825
2,4,4,51,"Joe",2500,6825
1,5,5,30,"Brian",1600,6826
2,1,4,41,"Brian",-3000,6826
1,5,4,17,"Dana",2000,6827
2,1,4,51,"Tyler!",-4000,6827
2,3,4,39,"Dana",5000,6827
1,3,4,9,"Robert",-2200,6828
2,2,3,37,"Robert",3000,6828
2,3,4,48,"Robert",-3000,6828
1,4,5,17,"Robert",3400,6829
2,2,2,54,"Robert",-5000,6829
2,5,5,50,"Robert",-3200,6829
1,1,4,23,"Julissa",2000,6830
2,1,3,39,"Julissa",2000,6830
2,2,5,48,"Sameer",2000,6830
1,3,3,13,"Sameer",1000,6831
2,5,2,54,"Eric",3000,6831
2,4,4,46,"Sameer",2000,6831
1,2,4,29,"Eric",1800,6832
2,5,3,56,"Mason",4000,6832
2,6,4,43,"Molly",-2000,6832
1,4,3,13,"Kamal",-1000,6833
2,6,3,45,"Mason",3000,6833
2,3,4,40,"Kamal",1000,6833
1,6,5,30,"Mason",-1000,6834
2,5,3,56,"Mason",3000,6834
2,2,4,44,"Phillip",3000,6834
1,1,3,6,"Phillip",1000,6835
2,3,4,60,"Phillip",1000,6835
2,6,5,49,"Thembi",2500,6835
1,4,3,13,"Linda",-600,6836
2,3,3,49,"Jonathan",1000,6836
2,4,4,46,"Jonathan",-1000,6836
1,6,5,20,"Phillip",-3600,6837
2,2,5,42,"Phillip",-2000,6837
2,4,5,47,"Phillip",-2600,6837
1,2,3,23,"Claire-Marie",2000,6838
2,4,3,38,"Garrett",4000,6838
2,2,5,33,"Mandy",-1500,6838
1,4,3,19,"Garrett",2500,6839
2,6,3,51,"Garrett",4000,6839
2,2,5,48,"Sheldon",-2000,6839
1,5,4,17,"Garrett",2400,6840
2,2,3,54,"Kevin",1200,6840
2,4,4,48,"Garrett",-4000,6840
1,4,4,26,"Kevin",1800,6841
2,2,3,38,"Brian",-3000,6841
2,4,4,43,"Sabreena",-4000,6841
1,2,2,7,"Michael",854,6842
2,6,3,50,"Michael",-5000,6842
2,3,4,38,"Kevin",2800,6842
1,1,5,25,"Alex!",100,6843
2,2,3,38,"Kevin",2800,6843
2,5,3,56,"Alex!",-5900,6843
1,3,3,23,"Jack",-3600,6844
2,2,2,32,"Jack",2000,6844
2,6,3,38,"Jack",-2000,6844
1,6,5,20,"Kevin",-1000,6845
2,2,2,58,"Daniel",4000,6845
2,5,4,50,"Kristin",-2000,6845
1,5,3,23,"Aaron",1500,6846
2,4,3,52,"Aanchal",-1000,6846
2,3,4,51,"Aanchal",-1400,6846
1,2,5,14,"Joe",1000,6847
2,1,3,33,"Kristin",1200,6847
2,4,5,44,"Joe",-3200,6847
1,5,4,21,"Carlos",-2000,6848
2,5,2,47,"Carlos",7000,6848
2,3,4,32,"Maddie",-1000,6848
1,4,3,21,"Cole",2500,6849
2,3,2,53,"Cole",1000,6849
2,2,3,52,"Cole",-500,6849
1,1,4,6,"Lindsey",1000,6850
2,4,3,35,"Colin",4000,6850
2,3,4,32,"Colin",5400,6850
1,4,5,8,"Colin",200,6851
2,3,3,43,"Brian",2400,6851
2,2,5,53,"Jamelle",-2000,6851
1,4,4,25,"Brian",3200,6852
2,2,3,53,"Jonathan",4000,6852
2,4,3,36,"Ariel",-2200,6852
1,5,2,19,"Brian",3000,6853
2,1,4,45,"Brian",3000,6853
2,4,5,43,"Brian",-5000,6853
1,3,4,2,"Brian",200,6854
2,2,4,44,"Scott",5000,6854
1,2,5,26,"Lisa",1500,6855
2,4,2,46,"Carmela",7000,6855
2,3,4,55,"Lisa",-3500,6855
1,5,2,21,"Chris",-1200,6856
2,4,4,43,"Carmela",5000,6856
2,5,4,48,"Jon",-4000,6856
1,6,5,20,"Regan",-1000,6857
2,4,4,31,"Regan",1000,6857
2,1,5,45,"Carmela",5000,6857
1,1,4,28,"Carmela",2700,6858
2,1,3,54,"Devin",3500,6858
2,6,3,39,"Carmela",-4000,6858
1,2,2,7,"Devin",1000,6859
2,1,2,54,"Keoni",7000,6859
2,4,4,32,"Devin",-800,6859
1,2,5,7,"Devin",-1800,6860
2,2,3,31,"Devin",3000,6860
2,1,5,55,"Burt :)",3000,6860
1,5,5,6,"Burt :)",1000,6861
2,1,4,34,"Burt :)",3000,6861
2,5,4,59,"Andrew",1000,6861
1,6,3,20,"Andrew",3000,6862
2,3,2,41,"Ben",6000,6862
2,1,4,47,"Ben",5000,6862
1,1,5,7,"Ben",1000,6863
2,3,2,42,"Ben",8200,6863
2,5,5,51,"Greg",4000,6863
1,4,3,22,"Doug",1500,6864
2,3,3,42,"Greg",3000,6864
2,2,4,50,"Doug",3000,6864
1,4,4,24,"Greg",1200,6865
2,3,2,32,"Nalin",2000,6865
2,1,5,58,"Greg",-4000,6865
1,3,3,19,"John",1000,6866
2,2,4,59,"John",-1600,6866
2,3,5,56,"John",2000,6866
1,5,5,30,"Marty",-400,6867
2,1,4,39,"Marty",2000,6867
2,3,5,35,"Marty",1500,6867
1,2,5,30,"John",2000,6868
2,5,2,54,"Andy",8000,6868
2,1,5,40,"Andy",5000,6868
1,3,3,9,"Andy",1800,6869
2,4,2,36,"Andy",-5000,6869
2,3,3,42,"Andy",3000,6869
1,1,4,20,"Deanna",2000,6870
2,4,3,49,"Deanna",2000,6870
2,6,4,34,"Kevin",1500,6870
1,3,2,12,"Andy",5000,6871
2,1,4,54,"Emily",4000,6871
2,6,5,35,"Tuan",6200,6871
1,3,3,26,"Andy",5000,6872
2,4,3,54,"Charlie",4000,6872
2,6,4,39,"Rhonda",2000,6872
1,3,3,26,"Susan",500,6873
2,2,4,49,"Sara",1000,6873
2,5,5,46,"Susan",-1000,6873
1,3,4,16,"Richard",-500,6874
2,3,5,55,"Sara",-500,6874
2,5,5,46,"Richard",-1300,6874
1,6,3,28,"Teresa",2000,6875
2,4,4,37,"Charlotte",1200,6875
2,5,5,53,"Richard",-2000,6875
1,4,2,2,"Charlie",1000,6876
2,1,3,53,"Henry",2000,6876
2,2,5,32,"Henry",4200,6876
1,3,1,1,"Henry",1000,6877
2,2,4,45,"Henry",4000,6877
2,6,5,49,"Henry",2000,6877
1,4,2,4,"Ryan",1000,6878
2,1,2,33,"Henry",2000,6878
2,4,3,36,"Henry",-3000,6878
1,2,5,19,"Zack",1800,6879
2,1,4,37,"Aaron",2000,6879
2,5,4,50,"Ryan",5400,6879
1,1,3,20,"Gabriel",-5000,6880
2,4,2,56,"Ryan",9000,6880
2,3,3,53,"Gabriel",3500,6880
1,3,2,27,"Tracy",100,6881
2,1,2,35,"Tracy",1000,6881
2,5,2,59,"Ryan",6000,6881
1,3,3,3,"Ryan",1000,6882
2,2,3,44,"T.J.!",2000,6882
2,5,5,59,"Ryan",-5000,6882
1,6,4,24,"Leslie",-500,6883
2,5,2,46,"T.J.!",2500,6883
2,4,3,53,"T.J.!",-7300,6883
1,1,4,15,"Fred",-1000,6884
2,5,3,38,"Leslie",2000,6884
2,1,4,55,"Leslie",-2000,6884
1,3,4,26,"Josh",-1000,6885
2,6,3,39,"Fred",-1000,6885
2,1,4,50,"Katherine",2000,6885
1,4,4,19,"John",800,6886
2,3,4,35,"John",3000,6886
2,1,5,59,"Katherine",7800,6886
1,5,4,21,"Cody",-4600,6887
2,5,3,56,"Kristen",4000,6887
2,4,4,45,"John",-2400,6887
1,3,3,9,"Kristen",-2200,6888
2,1,3,55,"Kendra",3000,6888
2,2,3,59,"Jason",-3000,6888
1,4,5,5,"Kendra",1000,6889
2,2,5,50,"Becca",2000,6889
2,3,5,49,"Becca",-3000,6889
1,1,4,23,"Kendra",-1000,6890
2,4,4,34,"Nizar",-2000,6890
2,3,5,58,"Nizar",-2000,6890
1,2,5,20,"Jeffrey",4200,6891
2,4,2,35,"Valerie",3000,6891
2,1,5,56,"Kate",8000,6891
1,3,4,5,"Brayden",1000,6892
2,3,3,33,"Brayden",3500,6892
2,1,4,32,"Brayden",3500,6892
1,4,5,12,"Brayden",2000,6893
2,2,3,36,"Brayden",5000,6893
2,4,3,53,"Brayden",2000,6893
1,4,5,3,"Brayden",1000,6894
2,4,3,36,"Brayden",3000,6894
2,5,3,47,"Brayden",4400,6894
1,2,4,2,"Brayden",1000,6895
2,4,2,41,"Amanda",3000,6895
2,5,3,48,"Brayden",-5000,6895
1,1,3,17,"Brayden",5200,6896
2,3,2,44,"David",-10000,6896
2,4,3,31,"David",6400,6896
1,4,4,19,"Brayden",-1600,6897
2,3,2,43,"Manisha",-4000,6897
2,6,5,38,"Brayden",2800,6897
1,3,4,18,"Jared",-2800,6898
2,1,4,28,"Jared",2000,6898
2,4,5,35,"Jared",-3000,6898
1,4,4,15,"Tracy",2200,6899
2,6,4,55,"Yoshie",3000,6899
2,4,5,53,"Yoshie",-4600,6899
1,1,4,2,"Yoshie",1000,6900
2,6,2,42,"Yoshie",3000,6900
2,1,3,53,"Cliff",-8800,6900
1,5,4,12,"Tanay",-4000,6901
2,1,3,51,"Tanay",4400,6901
2,3,3,33,"Tanay",2200,6901
1,2,4,8,"Tanay",2000,6902
2,5,3,51,"Lucy",2000,6902
2,3,5,40,"Lucy",9000,6902
1,1,5,15,"Cameron",500,6903
2,3,3,53,"Lucy",4000,6903
2,1,4,59,"Lucy",4000,6903
1,2,3,6,"Brett",1000,6904
2,2,3,32,"Brett",2000,6904
2,5,3,35,"Lucy",2000,6904
1,5,3,23,"Lucy",2000,6906
2,3,4,44,"Lucy",-4000,6906
2,4,4,57,"Gautham",-3199,6906
1,1,4,4,"Kurt",600,6907
2,4,2,39,"Kurt",3000,6907
2,3,5,56,"Craig",-2000,6907
1,1,5,12,"Scott",500,6908
2,3,2,50,"Scott",-2000,6908
2,2,3,55,"Steve",1500,6908
1,1,4,6,"Mary Ellen",500,6909
2,1,5,40,"Toby",1000,6909
2,5,5,46,"Toby",2000,6909
1,5,3,10,"Chris",-500,6910
2,1,4,53,"Les",2400,6910
2,6,4,48,"Barbara",1000,6910
1,3,5,26,"Donesh",-1000,6911
2,3,2,32,"Helen",2000,6911
2,4,4,50,"Donesh",5000,6911
1,6,3,22,"Mike",400,6912
2,5,3,42,"Mike",-800,6912
2,3,4,48,"Mike",-1600,6912
1,4,4,20,"Brian",-4400,6913
2,1,2,55,"Donesh",-10000,6913
2,3,5,32,"Brian",2000,6913
1,5,3,19,"Lynne",-800,6914
2,1,3,56,"Lynne",1500,6914
2,3,3,40,"Lynne",1000,6914
1,3,2,19,"Hannah",-500,6915
2,2,2,45,"Brian",2000,6915
2,4,3,54,"Sarah",2200,6915
1,2,3,22,"Brian",1000,6916
2,2,3,45,"Brian",100,6916
2,3,5,43,"Brian",3000,6916
1,1,4,14,"James",600,6918
2,4,4,41,"Lynne",1000,6918
2,5,4,51,"John",-2000,6918
1,5,5,15,"Al",2000,6919
2,2,3,35,"Frank",1000,6919
2,4,3,33,"Patricia",1000,6919
1,1,3,15,"Brian",3600,6920
2,5,3,41,"Elliott",4000,6920
2,2,4,32,"Madeline",3000,6920
1,5,5,19,"Stephen",3000,6921
2,3,3,44,"Brian",9600,6921
2,4,3,48,"Gabriela",-8000,6921
1,6,4,13,"Brian",-3400,6922
2,1,3,36,"Alex",3800,6922
2,6,4,52,"Alex",2000,6922
1,3,4,9,"Jill",2000,6923
2,5,3,43,"Zach",5000,6923
2,4,4,34,"Zach",4000,6923
1,3,4,4,"Zach",1000,6924
2,3,5,34,"Zach",3000,6924
2,5,5,55,"Bo",-2600,6924
1,1,5,9,"Jan",600,6925
2,1,4,46,"Sean",1500,6925
2,6,4,53,"Sean",2000,6925
1,4,4,25,"Phil",-1000,6926
2,5,4,50,"Linda",1000,6926
2,1,5,45,"Linda",1200,6926
1,1,3,3,"Steve",400,6927
2,2,4,38,"Zach",-3500,6927
2,4,5,42,"Allie",-5000,6927
1,5,5,13,"Henry",1500,6928
2,4,4,39,"Henry",-2000,6928
2,2,5,56,"Henry",-4000,6928
1,4,4,29,"Nancy",600,6929
2,4,4,38,"Walter",2200,6929
2,6,5,57,"Nancy",700,6929
1,2,4,27,"Nicole",1000,6930
2,4,2,48,"Nicole",1500,6930
2,3,4,59,"Paul",-5000,6930
1,1,4,24,"Nicole",1500,6931
2,3,2,57,"Stuart",1000,6931
2,6,4,41,"Gina",2000,6931
1,3,5,30,"Stuart",-1400,6932
2,3,4,48,"Rob",3000,6932
2,1,5,60,"Leah",4000,6932
1,5,5,30,"John",3000,6933
2,1,3,51,"Michael",5000,6933
2,3,3,47,"John",4000,6933
1,1,3,20,"Myles",800,6934
2,2,3,33,"John",3000,6934
2,5,3,53,"John",3000,6934
1,4,4,14,"John",2500,6935
2,1,4,56,"John",2000,6935
2,3,4,40,"Jared",-5000,6935
1,2,3,12,"Matt",-1900,6936
2,3,3,45,"Matt",2000,6936
2,2,4,33,"Matt",1000,6936
1,2,2,29,"Kate",1600,6937
2,2,2,31,"Stan",3000,6937
2,3,4,39,"John",3800,6937
1,4,4,5,"John",-600,6938
2,2,3,43,"Alejandra",3000,6938
2,4,4,54,"Lance",4000,6938
2,5,3,45,"Jay",500,6939
2,4,5,33,"Alan",400,6939
1,6,4,8,"Allen",600,6940
2,6,4,44,"Dane",600,6940
1,2,5,20,"Donald",400,6941
2,5,4,42,"Donald",500,6941
2,6,4,31,"Gregory",-1000,6941
1,5,4,19,"Lance",2500,6942
2,3,3,47,"Phil",-4500,6942
2,5,5,52,"Karen",800,6942
1,4,2,1,"Phil",1000,6943
2,2,4,33,"Joe",-5400,6943
2,3,5,34,"Joe",2000,6943
1,3,4,23,"Phil",-200,6944
2,3,3,58,"Natalie",-4000,6944
2,6,5,55,"Phil",5000,6944
1,1,3,14,"Alan",-2400,6945
2,2,3,34,"Alan",3000,6945
2,4,4,46,"Leah",3000,6945
1,2,3,3,"Alec",500,6946
2,4,4,44,"Alec",1000,6946
2,6,5,60,"Alec",1000,6946
1,4,5,21,"Sam",2000,6947
2,3,2,40,"Sam",4000,6947
2,4,5,53,"Sam",3000,6947
1,4,4,4,"Sam",1000,6948
2,5,3,57,"David",-10000,6948
2,2,5,50,"Sam",3000,6948
